------------ Data File Created By ActiGraph wGT3XBT ActiLife v6.11.9 Firmware v1.9.2 date format M/d/yyyy Filter Normal Multiple Incline Limb: Undefined -----------,,,,,,,,
Serial Number: MOS2D12345678,,,,,,,,
Start Time 11:00:00,,,,,,,,
Start Date 6/11/2017,,,,,,,,
Epoch Period (hh:mm:ss) 00:00:01,,,,,,,,
Download Time 22:53:00,,,,,,,,
Download Date 6/11/2017,,,,,,,,
Current Memory Address: 0,,,,,,,,
Current Battery Voltage: 4.18     Mode = 61,,,,,,,,
--------------------------------------------------,,,,,,,,
0,0,0,0,0,0,0,0,1
0,0,0,0,0,0,0,0,1
0,0,0,0,0,0,0,0,1
0,0,0,0,0,0,0,0,1
0,0,0,0,0,0,0,0,1
0,0,0,0,0,0,0,0,1
0,0,0,0,0,0,0,0,1
0,0,0,0,0,0,0,0,1
0,0,0,0,0,0,0,0,1
0,0,0,0,0,0,0,0,1
0,0,0,0,0,0,0,0,1
0,0,0,0,0,0,0,0,1
0,0,0,0,0,0,0,0,1
0,0,0,0,0,0,0,0,1
0,0,0,0,0,0,0,0,1
0,0,0,0,0,0,0,0,1
0,0,0,0,0,0,0,0,1
0,0,0,0,0,0,0,0,1
0,0,0,0,0,0,0,0,1
0,0,0,0,0,0,0,0,1
0,0,0,0,0,0,0,0,1
0,0,0,0,0,0,0,0,1
0,0,0,0,0,0,0,0,1
0,0,0,0,0,0,0,0,1
0,0,0,0,0,0,0,0,1
0,0,0,0,0,0,0,0,1
0,0,0,0,0,0,0,0,1
0,0,0,0,0,0,0,0,1
0,0,0,0,0,0,0,0,1
0,0,0,0,0,0,0,0,1
0,0,0,0,0,0,0,0,1
0,0,0,0,0,0,0,0,1
0,0,0,0,0,0,0,0,1
0,0,0,0,0,0,0,0,1
0,0,0,0,0,0,0,0,1
0,0,0,0,0,0,0,0,1
0,0,0,0,0,0,0,0,1
0,0,0,0,0,0,0,0,1
0,0,0,0,0,0,0,0,1
0,0,0,0,0,0,0,0,1
0,0,0,0,0,0,0,0,1
0,0,0,0,0,0,0,0,1
0,0,0,0,0,0,0,0,1
0,0,0,0,0,0,0,0,1
0,0,0,0,0,0,0,0,1
0,0,0,0,0,0,0,0,1
0,0,0,0,0,0,0,0,1
0,0,0,0,0,0,0,0,1
0,0,0,0,0,0,0,0,1
0,0,0,0,0,0,0,0,1
0,0,0,0,0,0,0,0,1
0,0,0,0,0,0,0,0,1
0,0,0,0,0,0,0,0,1
0,0,0,0,0,0,0,0,1
0,0,0,0,0,0,0,0,1
0,0,0,0,0,0,0,0,1
0,0,0,0,0,0,0,0,1
0,0,0,0,0,0,0,0,1
0,0,0,0,0,0,0,0,1
0,0,0,0,0,0,0,0,1
0,0,0,0,0,0,0,0,1
0,0,0,0,0,0,0,0,1
0,0,0,0,0,0,0,0,1
0,0,0,0,0,0,0,0,1
0,0,0,0,0,0,0,0,1
0,0,0,0,0,0,0,0,1
0,0,0,0,0,0,0,0,1
0,0,0,0,0,0,0,0,1
0,0,0,0,0,0,0,0,1
0,0,0,0,0,0,0,0,1
0,0,0,0,0,0,0,0,1
0,0,0,0,0,0,0,0,1
0,0,0,0,0,0,0,0,1
0,0,0,0,0,0,0,0,1
0,0,0,0,0,0,0,0,1
0,0,0,0,0,0,0,0,1
0,0,0,0,0,0,0,0,1
0,0,0,0,0,0,0,0,1
0,0,0,0,0,0,0,0,1
0,0,0,0,0,0,0,0,1
0,0,0,0,0,0,0,0,1
0,0,0,0,0,0,0,0,1
0,0,0,0,0,0,0,0,1
0,0,0,0,0,0,0,0,1
0,0,0,0,0,0,0,0,1
0,0,0,0,0,0,0,0,1
0,0,0,0,0,0,0,0,1
0,0,0,0,0,0,0,0,1
0,0,0,0,0,0,0,0,1
0,0,0,0,0,0,0,0,1
0,0,0,0,0,0,0,0,1
0,0,0,0,0,0,0,0,1
0,0,0,0,0,0,0,0,1
0,0,0,0,0,0,0,0,1
0,0,0,0,0,0,0,0,1
0,0,0,0,0,0,0,0,1
0,0,0,0,0,0,0,0,1
0,0,0,0,0,0,0,0,1
0,0,0,0,0,0,0,0,1
0,0,0,0,0,0,0,0,1
0,0,0,0,0,0,0,0,1
0,0,0,0,0,0,0,0,1
0,0,0,0,0,0,0,0,1
0,0,0,0,0,0,0,0,1
0,0,0,0,0,0,0,0,1
0,0,0,0,0,0,0,0,1
0,0,0,0,0,0,0,0,1
0,0,0,0,0,0,0,0,1
0,0,0,0,0,0,0,0,1
0,0,0,0,0,0,0,0,1
0,0,0,0,0,0,0,0,1
0,0,0,0,0,0,0,0,1
0,0,0,0,0,0,0,0,1
0,0,0,0,0,0,0,0,1
0,0,0,0,0,0,0,0,1
0,0,0,0,0,0,0,0,1
0,0,0,0,0,0,0,0,1
0,0,0,0,0,0,0,0,1
0,0,0,0,0,0,0,0,1
0,0,0,0,0,0,0,0,1
0,0,0,0,0,0,0,0,1
0,0,0,0,0,0,0,0,1
0,0,0,0,0,0,0,0,1
0,0,0,0,0,0,0,0,1
0,0,0,0,0,0,0,0,1
0,0,0,0,0,0,0,0,1
0,0,0,0,0,0,0,0,1
0,0,0,0,0,0,0,0,1
0,0,0,0,0,0,0,0,1
0,0,0,0,0,0,0,0,1
0,0,0,0,0,0,0,0,1
0,0,0,0,0,0,0,0,1
0,0,0,0,0,0,0,0,1
0,0,0,0,0,0,0,0,1
0,0,0,0,0,0,0,0,1
0,0,0,0,0,0,0,0,1
0,0,0,0,0,0,0,0,1
0,0,0,0,0,0,0,0,1
0,0,0,0,0,0,0,0,1
0,0,0,0,0,0,0,0,1
0,0,0,0,0,0,0,0,1
0,0,0,0,0,0,0,0,1
0,0,0,0,0,0,0,0,1
0,0,0,0,0,0,0,0,1
0,0,0,0,0,0,0,0,1
0,0,0,0,0,0,0,0,1
0,0,0,0,0,0,0,0,1
0,0,0,0,0,0,0,0,1
0,0,0,0,0,0,0,0,1
0,0,0,0,0,0,0,0,1
0,0,0,0,0,0,0,0,1
0,0,0,0,0,0,0,0,1
0,0,0,0,0,0,0,0,1
0,0,0,0,0,0,0,0,1
0,0,0,0,0,0,0,0,1
0,0,0,0,0,0,0,0,1
0,0,0,0,0,0,0,0,1
0,0,0,0,0,0,0,0,1
0,0,0,0,0,0,0,0,1
0,0,0,0,0,0,0,0,1
0,0,0,0,0,0,0,0,1
0,0,0,0,0,0,0,0,1
0,0,0,0,0,0,0,0,1
0,0,0,0,0,0,0,0,1
0,0,0,0,0,0,0,0,1
0,0,0,0,0,0,0,0,1
0,0,0,0,0,0,0,0,1
0,0,0,0,0,0,0,0,1
0,0,0,0,0,0,0,0,1
0,0,0,0,0,0,0,0,1
0,0,0,0,0,0,0,0,1
0,0,0,0,0,0,0,0,1
0,0,0,0,0,0,0,0,1
0,0,0,0,0,0,0,0,1
0,0,0,0,0,0,0,0,1
0,0,0,0,0,0,0,0,1
0,0,0,0,0,0,0,0,1
0,0,0,0,0,0,0,0,1
0,0,0,0,0,0,0,0,1
0,0,0,0,0,0,0,0,1
0,0,0,0,0,0,0,0,1
0,0,0,0,0,1,0,0,0
0,0,0,0,0,1,0,0,0
0,0,0,0,0,1,0,0,0
0,0,0,0,0,1,0,0,0
0,0,0,0,0,1,0,0,0
0,0,0,0,0,1,0,0,0
0,0,0,0,0,1,0,0,0
0,0,0,0,0,1,0,0,0
0,0,0,0,0,1,0,0,0
0,0,0,0,0,1,0,0,0
0,0,0,0,0,1,0,0,0
0,0,0,0,0,1,0,0,0
0,0,0,0,0,1,0,0,0
0,0,0,0,0,1,0,0,0
0,0,0,0,0,1,0,0,0
0,0,0,0,0,1,0,0,0
0,0,0,0,0,1,0,0,0
0,0,0,0,0,1,0,0,0
0,0,0,0,0,1,0,0,0
0,0,0,0,0,1,0,0,0
0,0,0,0,0,1,0,0,0
0,0,0,0,0,1,0,0,0
0,0,0,0,0,1,0,0,0
0,0,0,0,0,1,0,0,0
0,0,0,0,0,1,0,0,0
0,0,0,0,0,1,0,0,0
0,0,0,0,0,1,0,0,0
0,0,0,0,0,1,0,0,0
0,0,0,0,0,1,0,0,0
0,0,0,0,0,1,0,0,0
0,0,0,0,0,1,0,0,0
0,0,0,0,0,1,0,0,0
0,0,0,0,0,1,0,0,0
0,0,0,0,0,1,0,0,0
0,0,0,0,0,1,0,0,0
0,0,0,0,0,1,0,0,0
0,0,0,0,0,1,0,0,0
0,0,0,0,0,1,0,0,0
0,0,0,0,0,1,0,0,0
0,0,0,0,0,1,0,0,0
0,0,0,0,0,1,0,0,0
0,0,0,0,0,1,0,0,0
0,0,0,0,0,1,0,0,0
0,0,0,0,0,1,0,0,0
0,0,0,0,0,1,0,0,0
0,0,0,0,0,1,0,0,0
0,0,0,0,0,1,0,0,0
0,0,0,0,0,1,0,0,0
0,0,0,0,0,1,0,0,0
0,0,0,0,0,1,0,0,0
0,0,0,0,0,1,0,0,0
0,0,0,0,0,1,0,0,0
0,0,0,0,0,1,0,0,0
0,0,0,0,0,1,0,0,0
0,0,0,0,0,1,0,0,0
0,0,0,0,0,1,0,0,0
0,0,0,0,0,1,0,0,0
0,0,0,0,0,1,0,0,0
0,0,0,0,0,1,0,0,0
0,0,0,0,0,1,0,0,0
0,0,0,0,0,1,0,0,0
0,0,0,0,0,1,0,0,0
0,0,0,0,0,1,0,0,0
0,0,0,0,0,1,0,0,0
0,0,0,0,0,1,0,0,0
0,0,0,0,0,1,0,0,0
0,0,0,0,0,1,0,0,0
0,0,0,0,0,1,0,0,0
0,0,0,0,0,1,0,0,0
0,0,0,0,0,1,0,0,0
0,0,0,0,0,1,0,0,0
0,0,0,0,0,1,0,0,0
0,0,0,0,0,1,0,0,0
0,0,0,0,0,1,0,0,0
0,0,0,0,0,1,0,0,0
0,0,0,0,0,1,0,0,0
0,0,0,0,0,1,0,0,0
0,0,0,0,0,1,0,0,0
0,0,0,0,0,1,0,0,0
0,0,0,0,0,1,0,0,0
0,0,0,0,0,1,0,0,0
0,0,0,0,0,1,0,0,0
0,0,0,0,0,1,0,0,0
0,0,0,0,0,1,0,0,0
0,0,0,0,0,1,0,0,0
0,0,0,0,0,1,0,0,0
0,0,0,0,0,1,0,0,0
0,0,0,0,0,1,0,0,0
0,0,0,0,0,1,0,0,0
0,0,0,0,0,1,0,0,0
0,0,0,0,0,1,0,0,0
0,0,0,0,0,1,0,0,0
0,0,0,0,0,1,0,0,0
0,0,0,0,0,1,0,0,0
0,0,0,0,0,1,0,0,0
0,0,0,0,0,1,0,0,0
0,0,0,0,0,1,0,0,0
0,0,0,0,0,1,0,0,0
0,0,0,0,0,1,0,0,0
0,0,0,0,0,1,0,0,0
0,0,0,0,0,1,0,0,0
0,0,0,0,0,1,0,0,0
0,0,0,0,0,1,0,0,0
0,0,0,0,0,1,0,0,0
0,0,0,0,0,1,0,0,0
0,0,0,0,0,1,0,0,0
0,0,0,0,0,1,0,0,0
0,0,0,0,0,1,0,0,0
0,0,0,0,0,1,0,0,0
0,0,0,0,0,1,0,0,0
0,0,0,0,0,1,0,0,0
0,0,0,0,0,1,0,0,0
0,0,0,0,0,1,0,0,0
0,0,0,0,0,1,0,0,0
0,0,0,0,0,1,0,0,0
0,0,0,0,0,1,0,0,0
0,0,0,0,0,1,0,0,0
0,0,0,0,0,1,0,0,0
0,0,0,0,0,1,0,0,0
0,0,0,0,0,1,0,0,0
0,0,0,0,0,1,0,0,0
0,0,0,0,0,1,0,0,0
0,0,0,0,0,1,0,0,0
0,0,0,0,0,1,0,0,0
0,0,0,0,0,1,0,0,0
0,0,0,0,0,1,0,0,0
0,0,0,0,0,1,0,0,0
0,0,0,0,0,1,0,0,0
0,0,0,0,0,1,0,0,0
0,0,0,0,0,1,0,0,0
0,0,0,0,0,1,0,0,0
0,0,0,0,0,1,0,0,0
0,0,0,0,0,1,0,0,0
0,0,0,0,0,1,0,0,0
0,0,0,0,0,1,0,0,0
0,0,0,0,0,1,0,0,0
0,0,0,0,0,1,0,0,0
0,0,0,0,0,1,0,0,0
0,0,0,0,0,1,0,0,0
0,0,0,0,0,1,0,0,0
0,0,0,0,0,1,0,0,0
0,0,0,0,0,1,0,0,0
0,0,0,0,0,1,0,0,0
0,0,0,0,0,1,0,0,0
0,0,0,0,0,1,0,0,0
0,0,0,0,0,1,0,0,0
0,0,0,0,0,1,0,0,0
0,0,0,0,0,1,0,0,0
0,0,0,0,0,1,0,0,0
0,0,0,0,0,1,0,0,0
0,0,0,0,0,1,0,0,0
0,0,0,0,0,1,0,0,0
0,0,0,0,0,1,0,0,0
0,0,0,0,0,1,0,0,0
0,0,0,0,0,1,0,0,0
0,0,0,0,0,1,0,0,0
0,0,0,0,0,1,0,0,0
0,0,0,0,0,1,0,0,0
0,0,0,0,0,1,0,0,0
0,0,0,0,0,1,0,0,0
0,0,0,0,0,1,0,0,0
0,0,0,0,0,1,0,0,0
0,0,0,0,0,1,0,0,0
0,0,0,0,0,1,0,0,0
0,0,0,0,0,1,0,0,0
0,0,0,0,0,1,0,0,0
0,0,0,0,0,1,0,0,0
0,0,0,0,0,1,0,0,0
0,0,0,0,0,1,0,0,0
0,0,0,0,0,1,0,0,0
0,0,0,0,0,1,0,0,0
0,0,0,0,0,1,0,0,0
0,0,0,0,0,1,0,0,0
0,0,0,0,0,1,0,0,0
0,0,0,0,0,1,0,0,0
0,0,0,0,0,1,0,0,0
0,0,0,0,0,1,0,0,0
0,0,0,0,0,1,0,0,0
0,0,0,0,0,1,0,0,0
0,0,0,0,0,1,0,0,0
0,0,0,0,0,1,0,0,0
0,0,0,0,0,1,0,0,0
0,0,0,0,0,1,0,0,0
0,0,0,0,0,1,0,0,0
0,0,0,0,0,1,0,0,0
0,0,0,0,0,1,0,0,0
0,0,0,0,0,1,0,0,0
0,0,0,0,0,1,0,0,0
0,0,0,0,0,1,0,0,0
0,0,0,0,0,1,0,0,0
0,0,0,0,0,1,0,0,0
0,0,0,0,0,1,0,0,0
0,0,0,0,0,1,0,0,0
0,0,0,0,0,1,0,0,0
0,0,0,0,0,1,0,0,0
0,0,0,0,0,1,0,0,0
0,0,0,0,0,1,0,0,0
0,0,0,0,0,1,0,0,0
0,0,0,0,0,1,0,0,0
0,0,0,0,0,1,0,0,0
0,0,0,0,0,1,0,0,0
0,0,0,0,0,1,0,0,0
0,0,0,0,0,1,0,0,0
0,0,0,0,0,1,0,0,0
0,0,0,0,0,1,0,0,0
0,0,0,0,0,1,0,0,0
0,0,0,0,0,1,0,0,0
0,0,0,0,0,1,0,0,0
0,0,0,0,0,1,0,0,0
0,0,0,0,0,1,0,0,0
0,0,0,0,0,1,0,0,0
0,0,0,0,0,1,0,0,0
0,0,0,0,0,1,0,0,0
0,0,0,0,0,1,0,0,0
0,0,0,0,0,1,0,0,0
0,0,0,0,0,1,0,0,0
0,0,0,0,0,1,0,0,0
0,0,0,0,0,1,0,0,0
0,0,0,0,0,1,0,0,0
0,0,0,0,0,1,0,0,0
0,0,0,0,0,1,0,0,0
0,0,0,0,0,1,0,0,0
0,0,0,0,0,1,0,0,0
0,0,0,0,0,1,0,0,0
0,0,0,0,0,1,0,0,0
0,0,0,0,0,1,0,0,0
0,0,0,0,0,1,0,0,0
0,0,0,0,0,1,0,0,0
0,0,0,0,0,1,0,0,0
0,0,0,0,0,1,0,0,0
0,0,0,0,0,1,0,0,0
0,0,0,0,0,1,0,0,0
0,0,0,0,0,1,0,0,0
0,0,0,0,0,1,0,0,0
0,0,0,0,0,1,0,0,0
0,0,0,0,0,1,0,0,0
0,0,0,0,0,1,0,0,0
0,0,0,0,0,1,0,0,0
0,0,0,0,0,1,0,0,0
0,0,0,0,0,1,0,0,0
0,0,0,0,0,1,0,0,0
0,0,0,0,0,1,0,0,0
0,0,0,0,0,1,0,0,0
0,0,0,0,0,1,0,0,0
0,0,0,0,0,1,0,0,0
0,0,0,0,0,1,0,0,0
0,0,0,0,0,1,0,0,0
0,0,0,0,0,1,0,0,0
0,0,0,0,0,1,0,0,0
0,0,0,0,0,1,0,0,0
0,0,0,0,0,1,0,0,0
0,0,0,0,0,1,0,0,0
0,0,0,0,0,1,0,0,0
0,0,0,0,0,1,0,0,0
0,0,0,0,0,1,0,0,0
0,0,0,0,0,1,0,0,0
0,0,0,0,0,1,0,0,0
0,0,0,0,0,1,0,0,0
0,0,0,0,0,1,0,0,0
0,0,0,0,0,1,0,0,0
0,0,0,0,0,1,0,0,0
0,0,0,0,0,1,0,0,0
0,0,0,0,0,1,0,0,0
0,0,0,0,0,1,0,0,0
0,0,0,0,0,1,0,0,0
0,0,0,0,0,1,0,0,0
0,0,0,0,0,1,0,0,0
0,0,0,0,0,1,0,0,0
0,0,0,0,0,1,0,0,0
0,0,0,0,0,1,0,0,0
0,0,0,0,0,1,0,0,0
0,0,0,0,0,1,0,0,0
0,0,0,0,0,1,0,0,0
0,0,0,0,0,1,0,0,0
0,0,0,0,0,1,0,0,0
0,0,0,0,0,1,0,0,0
0,0,0,0,0,1,0,0,0
0,0,0,0,0,1,0,0,0
0,0,0,0,0,1,0,0,0
0,0,0,0,0,1,0,0,0
0,0,0,0,0,1,0,0,0
0,0,0,0,0,1,0,0,0
0,0,0,0,0,1,0,0,0
0,0,0,0,0,1,0,0,0
0,0,0,0,0,1,0,0,0
0,0,0,0,0,1,0,0,0
0,0,0,0,0,1,0,0,0
0,0,0,0,0,1,0,0,0
0,0,0,0,0,1,0,0,0
0,0,0,0,0,1,0,0,0
0,0,0,0,0,1,0,0,0
0,0,0,0,0,1,0,0,0
0,0,0,0,0,1,0,0,0
0,0,0,0,0,1,0,0,0
0,0,0,0,0,1,0,0,0
0,0,0,0,0,1,0,0,0
0,0,0,0,0,1,0,0,0
0,0,0,0,0,1,0,0,0
0,0,0,0,0,1,0,0,0
0,0,0,0,0,1,0,0,0
0,0,0,0,0,1,0,0,0
0,0,0,0,0,1,0,0,0
0,0,0,0,0,1,0,0,0
0,0,0,0,0,1,0,0,0
0,0,0,0,0,1,0,0,0
0,0,0,0,0,1,0,0,0
0,0,0,0,0,1,0,0,0
0,0,0,0,0,1,0,0,0
0,0,0,0,0,1,0,0,0
0,0,0,0,0,1,0,0,0
0,0,0,0,0,1,0,0,0
0,0,0,0,0,1,0,0,0
0,0,0,0,0,1,0,0,0
0,0,0,0,0,1,0,0,0
0,0,0,0,0,1,0,0,0
0,0,0,0,0,1,0,0,0
0,0,0,0,0,1,0,0,0
0,0,0,0,0,1,0,0,0
0,0,0,0,0,1,0,0,0
0,0,0,0,0,1,0,0,0
0,0,0,0,0,1,0,0,0
0,0,0,0,0,1,0,0,0
0,0,0,0,0,1,0,0,0
0,0,0,0,0,1,0,0,0
0,0,0,0,0,1,0,0,0
0,0,0,0,0,1,0,0,0
0,0,0,0,0,1,0,0,0
0,0,0,0,0,1,0,0,0
0,0,0,0,0,1,0,0,0
0,0,0,0,0,1,0,0,0
0,0,0,0,0,1,0,0,0
0,0,0,0,0,1,0,0,0
0,0,0,0,0,1,0,0,0
0,0,0,0,0,1,0,0,0
0,0,0,0,0,1,0,0,0
0,0,0,0,0,1,0,0,0
0,0,0,0,0,1,0,0,0
0,0,0,0,0,1,0,0,0
0,0,0,0,0,1,0,0,0
0,0,0,0,0,1,0,0,0
0,0,0,0,0,1,0,0,0
0,0,0,0,0,1,0,0,0
0,0,0,0,0,1,0,0,0
0,0,0,0,0,1,0,0,0
0,0,0,0,0,1,0,0,0
0,0,0,0,0,1,0,0,0
0,0,0,0,0,1,0,0,0
0,0,0,0,0,1,0,0,0
0,0,0,0,0,1,0,0,0
0,0,0,0,0,1,0,0,0
0,0,0,0,0,1,0,0,0
0,0,0,0,0,1,0,0,0
0,0,0,0,0,1,0,0,0
0,0,0,0,0,1,0,0,0
0,0,0,0,0,1,0,0,0
0,0,0,0,0,1,0,0,0
0,0,0,0,0,1,0,0,0
0,0,0,0,0,1,0,0,0
0,0,0,0,0,1,0,0,0
0,0,0,0,0,1,0,0,0
0,0,0,0,0,1,0,0,0
0,0,0,0,0,1,0,0,0
0,0,0,0,0,1,0,0,0
0,0,0,0,0,1,0,0,0
0,0,0,0,0,1,0,0,0
0,0,0,0,0,1,0,0,0
0,0,0,0,0,1,0,0,0
0,0,0,0,0,1,0,0,0
0,0,0,0,0,1,0,0,0
0,0,0,0,0,1,0,0,0
0,0,0,0,0,1,0,0,0
0,0,0,0,0,1,0,0,0
0,0,0,0,0,1,0,0,0
0,0,0,0,0,1,0,0,0
0,0,0,0,0,1,0,0,0
0,0,0,0,0,1,0,0,0
0,0,0,0,0,1,0,0,0
0,0,0,0,0,1,0,0,0
0,0,0,0,0,1,0,0,0
0,0,0,0,0,1,0,0,0
0,0,0,0,0,1,0,0,0
0,0,0,0,0,1,0,0,0
0,0,0,0,0,1,0,0,0
0,0,0,0,0,1,0,0,0
0,0,0,0,0,1,0,0,0
0,0,0,0,0,1,0,0,0
0,0,0,0,0,1,0,0,0
0,0,0,0,0,1,0,0,0
0,0,0,0,0,1,0,0,0
0,0,0,0,0,1,0,0,0
0,0,0,0,0,1,0,0,0
0,0,0,0,0,1,0,0,0
0,0,0,0,0,1,0,0,0
0,0,0,0,0,1,0,0,0
0,0,0,0,0,1,0,0,0
0,0,0,0,0,1,0,0,0
0,0,0,0,0,1,0,0,0
0,0,0,0,0,1,0,0,0
0,0,0,0,0,1,0,0,0
0,0,0,0,0,1,0,0,0
0,0,0,0,0,1,0,0,0
0,0,0,0,0,1,0,0,0
0,0,0,0,0,1,0,0,0
0,0,0,0,0,1,0,0,0
0,0,0,0,0,1,0,0,0
0,0,0,0,0,1,0,0,0
0,0,0,0,0,1,0,0,0
0,0,0,0,0,1,0,0,0
0,0,0,0,0,1,0,0,0
0,0,0,0,0,1,0,0,0
0,0,0,0,0,1,0,0,0
0,0,0,0,0,1,0,0,0
0,0,0,0,0,1,0,0,0
0,0,0,0,0,1,0,0,0
0,0,0,0,0,1,0,0,0
0,0,0,0,0,1,0,0,0
0,0,0,0,0,1,0,0,0
0,0,0,0,0,1,0,0,0
0,0,0,0,0,1,0,0,0
0,0,0,0,0,1,0,0,0
0,0,0,0,0,1,0,0,0
0,0,0,0,0,1,0,0,0
0,0,0,0,0,1,0,0,0
0,0,0,0,0,1,0,0,0
0,0,0,0,0,1,0,0,0
0,0,0,0,0,1,0,0,0
0,0,0,0,0,1,0,0,0
0,0,0,0,0,1,0,0,0
0,0,0,0,0,1,0,0,0
0,0,0,0,0,1,0,0,0
0,0,0,0,0,1,0,0,0
0,0,0,0,0,1,0,0,0
0,0,0,0,0,1,0,0,0
0,0,0,0,0,1,0,0,0
0,0,0,0,0,1,0,0,0
0,0,0,0,0,1,0,0,0
0,0,0,0,0,1,0,0,0
0,0,0,0,0,1,0,0,0
0,0,0,0,0,1,0,0,0
0,0,0,0,0,1,0,0,0
0,0,0,0,0,1,0,0,0
0,0,0,0,0,1,0,0,0
0,0,0,0,0,1,0,0,0
0,0,0,0,0,1,0,0,0
0,0,0,0,0,1,0,0,0
0,0,0,0,0,1,0,0,0
0,0,0,0,0,1,0,0,0
0,0,0,0,0,1,0,0,0
0,0,0,0,0,1,0,0,0
0,0,0,0,0,1,0,0,0
0,0,0,0,0,1,0,0,0
0,0,0,0,0,1,0,0,0
0,0,0,0,0,1,0,0,0
0,0,0,0,0,1,0,0,0
0,0,0,0,0,1,0,0,0
0,0,0,0,0,1,0,0,0
0,0,0,0,0,1,0,0,0
0,0,0,0,0,1,0,0,0
0,0,0,0,0,1,0,0,0
0,0,0,0,0,1,0,0,0
0,0,0,0,0,1,0,0,0
0,0,0,0,0,1,0,0,0
0,0,0,0,0,1,0,0,0
0,0,0,0,0,1,0,0,0
0,0,0,0,0,1,0,0,0
0,0,0,0,0,1,0,0,0
0,0,0,0,0,1,0,0,0
0,0,0,0,0,1,0,0,0
0,0,0,0,0,1,0,0,0
0,0,0,0,0,1,0,0,0
0,0,0,0,0,1,0,0,0
0,0,0,0,0,1,0,0,0
0,0,0,0,0,1,0,0,0
0,0,0,0,0,1,0,0,0
0,0,0,0,0,1,0,0,0
0,0,0,0,0,1,0,0,0
0,0,0,0,0,1,0,0,0
0,0,0,0,0,1,0,0,0
0,0,0,0,0,1,0,0,0
0,0,0,0,0,1,0,0,0
0,0,0,0,0,1,0,0,0
0,0,0,0,0,1,0,0,0
0,0,0,0,0,1,0,0,0
0,0,0,0,0,1,0,0,0
0,0,0,0,0,1,0,0,0
0,0,0,0,0,1,0,0,0
0,0,0,0,0,1,0,0,0
0,0,0,0,0,1,0,0,0
0,0,0,0,0,1,0,0,0
0,0,0,0,0,1,0,0,0
0,0,0,0,0,1,0,0,0
0,0,0,0,0,1,0,0,0
0,0,0,0,0,1,0,0,0
0,0,0,0,0,1,0,0,0
0,0,0,0,0,1,0,0,0
0,0,0,0,0,1,0,0,0
0,0,0,0,0,1,0,0,0
0,0,0,0,0,1,0,0,0
0,0,0,0,0,1,0,0,0
0,0,0,0,0,1,0,0,0
0,0,0,0,0,1,0,0,0
0,0,0,0,0,1,0,0,0
0,0,0,0,0,1,0,0,0
0,0,0,0,0,1,0,0,0
0,0,0,0,0,1,0,0,0
0,0,0,0,0,1,0,0,0
0,0,0,0,0,1,0,0,0
0,0,0,0,0,1,0,0,0
0,0,0,0,0,1,0,0,0
0,0,0,0,0,1,0,0,0
0,0,0,0,0,1,0,0,0
0,0,0,0,0,1,0,0,0
0,0,0,0,0,1,0,0,0
0,0,0,0,0,1,0,0,0
0,0,0,0,0,1,0,0,0
0,0,0,0,0,1,0,0,0
0,0,0,0,0,1,0,0,0
0,0,0,0,0,1,0,0,0
0,0,0,0,0,1,0,0,0
0,0,0,0,0,1,0,0,0
0,0,0,0,0,1,0,0,0
0,0,0,0,0,1,0,0,0
0,0,0,0,0,1,0,0,0
0,0,0,0,0,1,0,0,0
0,0,0,0,0,1,0,0,0
0,0,0,0,0,1,0,0,0
0,0,0,0,0,1,0,0,0
0,0,0,0,0,1,0,0,0
0,0,0,0,0,1,0,0,0
0,0,0,0,0,1,0,0,0
0,0,0,0,0,1,0,0,0
0,0,0,0,0,1,0,0,0
0,0,0,0,0,1,0,0,0
0,0,0,0,0,1,0,0,0
0,0,0,0,0,1,0,0,0
0,0,0,0,0,1,0,0,0
0,0,0,0,0,1,0,0,0
0,0,0,0,0,1,0,0,0
0,0,0,0,0,1,0,0,0
0,0,0,0,0,1,0,0,0
0,0,0,0,0,1,0,0,0
0,0,0,0,0,1,0,0,0
0,0,0,0,0,1,0,0,0
0,0,0,0,0,1,0,0,0
0,0,0,0,0,1,0,0,0
0,0,0,0,0,1,0,0,0
0,0,0,0,0,1,0,0,0
0,0,0,0,0,1,0,0,0
0,0,0,0,0,1,0,0,0
0,0,0,0,0,1,0,0,0
0,0,0,0,0,1,0,0,0
0,0,0,0,0,1,0,0,0
0,0,0,0,0,1,0,0,0
0,0,0,0,0,1,0,0,0
0,0,0,0,0,1,0,0,0
0,0,0,0,0,1,0,0,0
0,0,0,0,0,1,0,0,0
0,0,0,0,0,1,0,0,0
0,0,0,0,0,1,0,0,0
0,0,0,0,0,1,0,0,0
0,0,0,0,0,1,0,0,0
0,0,0,0,0,1,0,0,0
0,0,0,0,0,1,0,0,0
0,0,0,0,0,1,0,0,0
0,0,0,0,0,1,0,0,0
0,0,0,0,0,1,0,0,0
0,0,0,0,0,1,0,0,0
0,0,0,0,0,1,0,0,0
0,0,0,0,0,1,0,0,0
0,0,0,0,0,1,0,0,0
0,0,0,0,0,1,0,0,0
0,0,0,0,0,1,0,0,0
0,0,0,0,0,1,0,0,0
0,0,0,0,0,1,0,0,0
0,0,0,0,0,1,0,0,0
0,0,0,0,0,1,0,0,0
0,0,0,0,0,1,0,0,0
0,0,0,0,0,1,0,0,0
0,0,0,0,0,1,0,0,0
0,0,0,0,0,1,0,0,0
0,0,0,0,0,1,0,0,0
0,0,0,0,0,1,0,0,0
0,0,0,0,0,1,0,0,0
0,0,0,0,0,1,0,0,0
0,0,0,0,0,1,0,0,0
0,0,0,0,0,1,0,0,0
0,0,0,0,0,1,0,0,0
0,0,0,0,0,1,0,0,0
0,0,0,0,0,1,0,0,0
0,0,0,0,0,1,0,0,0
0,0,0,0,0,1,0,0,0
0,0,0,0,0,1,0,0,0
0,0,0,0,0,1,0,0,0
0,0,0,0,0,1,0,0,0
0,0,0,0,0,1,0,0,0
0,0,0,0,0,1,0,0,0
0,0,0,0,0,1,0,0,0
0,0,0,0,0,1,0,0,0
0,0,0,0,0,1,0,0,0
0,0,0,0,0,1,0,0,0
0,0,0,0,0,1,0,0,0
0,0,0,0,0,1,0,0,0
0,0,0,0,0,1,0,0,0
0,0,0,0,0,1,0,0,0
0,0,0,0,0,1,0,0,0
0,0,0,0,0,1,0,0,0
0,0,0,0,0,1,0,0,0
0,0,0,0,0,1,0,0,0
0,0,0,0,0,1,0,0,0
0,0,0,0,0,1,0,0,0
0,0,0,0,0,1,0,0,0
0,0,0,0,0,1,0,0,0
0,0,0,0,0,1,0,0,0
0,0,0,0,0,1,0,0,0
0,0,0,0,0,1,0,0,0
0,0,0,0,0,1,0,0,0
0,0,0,0,0,1,0,0,0
0,0,0,0,0,1,0,0,0
0,0,0,0,0,1,0,0,0
0,0,0,0,0,1,0,0,0
0,0,0,0,0,1,0,0,0
0,0,0,0,0,1,0,0,0
0,0,0,0,0,1,0,0,0
0,0,0,0,0,1,0,0,0
0,0,0,0,0,1,0,0,0
0,0,0,0,0,1,0,0,0
0,0,0,0,0,1,0,0,0
0,0,0,0,0,1,0,0,0
0,0,0,0,0,1,0,0,0
0,0,0,0,0,1,0,0,0
0,0,0,0,0,1,0,0,0
0,0,0,0,0,1,0,0,0
0,0,0,0,0,1,0,0,0
0,0,0,0,0,1,0,0,0
0,0,0,0,0,1,0,0,0
0,0,0,0,0,1,0,0,0
0,0,0,0,0,1,0,0,0
0,0,0,0,0,1,0,0,0
0,0,0,0,0,1,0,0,0
0,0,0,0,0,1,0,0,0
0,0,0,0,0,1,0,0,0
0,0,0,0,0,1,0,0,0
0,0,0,0,0,1,0,0,0
0,0,0,0,0,1,0,0,0
0,0,0,0,0,1,0,0,0
0,0,0,0,0,1,0,0,0
0,0,0,0,0,1,0,0,0
0,0,0,0,0,1,0,0,0
0,0,0,0,0,1,0,0,0
0,0,0,0,0,1,0,0,0
0,0,0,0,0,1,0,0,0
0,0,0,0,0,1,0,0,0
0,0,0,0,0,1,0,0,0
0,0,0,0,0,1,0,0,0
0,0,0,0,0,1,0,0,0
0,0,0,0,0,1,0,0,0
0,0,0,0,0,1,0,0,0
0,0,0,0,0,1,0,0,0
0,0,0,0,0,1,0,0,0
0,0,0,0,0,1,0,0,0
0,0,0,0,0,1,0,0,0
0,0,0,0,0,1,0,0,0
0,0,0,0,0,1,0,0,0
0,0,0,0,0,1,0,0,0
0,0,0,0,0,1,0,0,0
0,0,0,0,0,1,0,0,0
0,0,0,0,0,1,0,0,0
0,0,0,0,0,1,0,0,0
0,0,0,0,0,1,0,0,0
0,0,0,0,0,1,0,0,0
0,0,0,0,0,1,0,0,0
0,0,0,0,0,1,0,0,0
0,0,0,0,0,1,0,0,0
0,0,0,0,0,1,0,0,0
0,0,0,0,0,1,0,0,0
0,0,0,0,0,1,0,0,0
0,0,0,0,0,1,0,0,0
0,0,0,0,0,1,0,0,0
0,0,0,0,0,1,0,0,0
0,0,0,0,0,1,0,0,0
0,0,0,0,0,1,0,0,0
0,0,0,0,0,1,0,0,0
0,0,0,0,0,1,0,0,0
0,0,0,0,0,1,0,0,0
0,0,0,0,0,1,0,0,0
0,0,0,0,0,1,0,0,0
0,0,0,0,0,1,0,0,0
0,0,0,0,0,1,0,0,0
0,0,0,0,0,1,0,0,0
0,0,0,0,0,1,0,0,0
0,0,0,0,0,1,0,0,0
0,0,0,0,0,1,0,0,0
0,0,0,0,0,1,0,0,0
0,0,0,0,0,1,0,0,0
0,0,0,0,0,1,0,0,0
0,0,0,0,0,1,0,0,0
0,0,0,0,0,1,0,0,0
0,0,0,0,0,1,0,0,0
0,0,0,0,0,1,0,0,0
0,0,0,0,0,1,0,0,0
0,0,0,0,0,1,0,0,0
0,0,0,0,0,1,0,0,0
0,0,0,0,0,1,0,0,0
0,0,0,0,0,1,0,0,0
0,0,0,0,0,1,0,0,0
0,0,0,0,0,1,0,0,0
0,0,0,0,0,1,0,0,0
0,0,0,0,0,1,0,0,0
0,0,0,0,0,1,0,0,0
0,0,0,0,0,1,0,0,0
0,0,0,0,0,1,0,0,0
0,0,0,0,0,1,0,0,0
0,0,0,0,0,1,0,0,0
0,0,0,0,0,1,0,0,0
0,0,0,0,0,1,0,0,0
0,0,0,0,0,1,0,0,0
0,0,0,0,0,1,0,0,0
0,0,0,0,0,1,0,0,0
0,0,0,0,0,1,0,0,0
0,0,0,0,0,1,0,0,0
0,0,0,0,0,1,0,0,0
0,0,0,0,0,1,0,0,0
0,0,0,0,0,1,0,0,0
0,0,0,0,0,1,0,0,0
0,0,0,0,0,0,0,0,1
0,0,0,0,0,0,0,0,1
0,0,0,0,0,0,0,0,1
0,0,0,0,0,0,0,0,1
0,0,0,0,0,0,0,0,1
0,0,0,0,0,0,0,0,1
0,0,0,0,0,0,0,0,1
0,0,0,0,0,0,0,0,1
0,0,0,0,0,0,0,0,1
0,0,0,0,0,0,0,0,1
0,0,0,0,0,0,0,0,1
0,0,0,0,0,0,0,0,1
0,0,0,0,0,0,0,0,1
0,0,0,0,0,0,0,0,1
0,0,0,0,0,0,0,0,1
0,0,0,0,0,0,0,0,1
0,0,0,0,0,0,0,0,1
0,0,0,0,0,0,0,0,1
0,0,0,0,0,0,0,0,1
0,0,0,0,0,0,0,0,1
0,0,0,0,0,0,0,0,1
0,0,0,0,0,0,0,0,1
0,0,0,0,0,0,0,0,1
0,0,0,0,0,0,0,0,1
0,0,0,0,0,0,0,0,1
0,0,0,0,0,0,0,0,1
0,0,0,0,0,0,0,0,1
0,0,0,0,0,0,0,0,1
0,0,0,0,0,0,0,0,1
0,0,0,0,0,0,0,0,1
0,0,0,0,0,0,0,0,1
0,0,0,0,0,0,0,0,1
0,0,0,0,0,0,0,0,1
0,0,0,0,0,0,0,0,1
0,0,0,0,0,0,0,0,1
0,0,0,0,0,0,0,0,1
0,0,0,0,0,0,0,0,1
0,0,0,0,0,0,0,0,1
0,0,0,0,0,0,0,0,1
0,0,0,0,0,0,0,0,1
0,0,0,0,0,0,0,0,1
0,0,0,0,0,0,0,0,1
0,0,0,0,0,0,0,0,1
0,0,0,0,0,0,0,0,1
0,0,0,0,0,0,0,0,1
0,0,0,0,0,0,0,0,1
0,0,0,0,0,0,0,0,1
0,0,0,0,0,0,0,0,1
0,0,0,0,0,0,0,0,1
0,0,0,0,0,0,0,0,1
0,0,0,0,0,0,0,0,1
0,0,0,0,0,0,0,0,1
0,0,0,0,0,0,0,0,1
0,0,0,0,0,0,0,0,1
0,0,0,0,0,0,0,0,1
0,0,0,0,0,0,0,0,1
0,0,0,0,0,0,0,0,1
0,0,0,0,0,0,0,0,1
0,0,0,0,0,0,0,0,1
0,0,0,0,0,0,0,0,1
0,0,0,0,0,0,0,0,1
0,0,0,0,0,0,0,0,1
0,0,0,0,0,0,0,0,1
0,0,0,0,0,0,0,0,1
0,0,0,0,0,0,0,0,1
0,0,0,0,0,0,0,0,1
0,0,0,0,0,0,0,0,1
0,0,0,0,0,0,0,0,1
0,0,0,0,0,0,0,0,1
0,0,0,0,0,0,0,0,1
0,0,0,0,0,0,0,0,1
0,0,0,0,0,0,0,0,1
0,0,0,0,0,0,0,0,1
0,0,0,0,0,0,0,0,1
0,0,0,0,0,0,0,0,1
0,0,0,0,0,0,0,0,1
0,0,0,0,0,0,0,0,1
0,0,0,0,0,0,0,0,1
0,0,0,0,0,0,0,0,1
0,0,0,0,0,0,0,0,1
0,0,0,0,0,0,0,0,1
0,0,0,0,0,0,0,0,1
0,0,0,0,0,0,0,0,1
0,0,0,0,0,0,0,0,1
1,0,0,0,0,0,0,0,1
0,0,0,0,0,0,0,0,1
0,0,0,0,0,0,0,0,1
0,0,0,0,0,0,0,0,1
0,0,0,0,0,0,0,0,1
0,17,2,0,0,0,0,0,1
0,0,0,0,0,0,0,0,1
0,0,0,0,0,0,0,0,1
0,0,0,0,0,0,0,0,1
0,0,0,0,0,0,0,0,1
0,0,0,0,0,0,0,0,1
0,0,0,0,0,0,0,0,1
0,0,0,0,0,0,0,0,1
0,0,0,0,0,0,0,0,1
0,0,0,0,0,0,0,0,1
0,0,0,0,0,0,0,0,1
0,0,0,0,0,0,0,0,1
0,0,0,0,0,0,0,0,1
0,0,0,0,0,0,0,0,1
0,0,0,0,0,0,0,0,1
0,0,0,0,0,0,0,0,1
0,0,0,0,0,0,0,0,1
0,0,0,0,0,0,0,0,1
0,0,0,0,0,0,0,0,1
0,0,0,0,0,0,0,0,1
0,0,0,0,0,0,0,0,1
0,0,0,0,0,0,0,0,1
0,0,0,0,0,0,0,0,1
0,0,0,0,0,0,0,0,1
0,0,0,0,0,0,0,0,1
0,0,0,0,0,0,0,0,1
0,0,0,0,0,0,0,0,1
0,0,0,0,0,0,0,0,1
0,0,0,0,0,0,0,0,1
0,0,0,0,0,0,0,0,1
0,0,0,0,0,0,0,0,1
0,0,0,0,0,0,0,0,1
0,0,0,0,0,0,0,0,1
0,0,0,0,0,0,0,0,1
0,0,0,0,0,0,0,0,1
0,0,0,0,0,0,0,0,1
0,0,0,0,0,0,0,0,1
0,0,0,0,0,0,0,0,1
0,0,0,0,0,0,0,0,1
0,0,0,0,0,0,0,0,1
0,0,0,0,0,0,0,0,1
0,0,0,0,0,0,0,0,1
0,0,0,0,0,0,0,0,1
0,0,0,0,0,0,0,0,1
0,0,0,0,0,0,0,0,1
0,0,0,0,0,0,0,0,1
0,0,0,0,0,0,0,0,1
0,0,0,0,0,0,0,0,1
0,0,0,0,0,0,0,0,1
0,0,0,0,0,0,0,0,1
0,0,0,0,0,0,0,0,1
0,0,0,0,0,0,0,0,1
4,3,0,0,0,0,0,0,1
52,6,0,1,0,0,1,0,0
21,8,0,0,0,0,1,0,0
26,17,0,1,0,0,1,0,0
14,16,5,0,0,0,1,0,0
36,20,10,2,0,0,1,0,0
4,0,3,0,0,0,0,0,1
0,0,0,0,0,0,0,0,1
16,0,0,1,0,0,1,0,0
4,0,0,0,0,0,0,0,1
0,0,0,0,0,0,0,0,1
0,0,0,0,0,0,0,0,1
0,0,0,0,0,0,0,0,1
0,0,0,0,0,0,0,0,1
0,0,0,0,0,0,0,0,1
0,0,0,0,0,0,0,0,1
0,0,0,0,0,0,0,0,1
0,0,0,0,0,0,0,0,1
0,0,0,0,0,0,0,0,1
0,0,0,0,0,0,0,0,1
0,0,0,0,0,0,0,0,1
0,0,0,0,0,0,0,0,1
0,0,0,0,0,0,0,0,1
0,0,0,0,0,0,0,0,1
0,0,0,0,0,0,0,0,1
0,0,0,0,0,0,0,0,1
0,0,0,0,0,0,0,0,1
0,0,0,0,0,0,0,0,1
0,0,0,0,0,0,0,0,1
0,0,0,0,0,0,0,0,1
0,0,0,0,0,0,0,0,1
0,0,0,0,0,0,0,0,1
0,0,0,0,0,0,0,0,1
0,0,0,0,0,0,0,0,1
0,0,0,0,0,0,0,0,1
0,0,0,0,0,0,0,0,1
0,0,0,0,0,0,0,0,1
0,0,0,0,0,0,0,0,1
0,0,0,0,0,0,0,0,1
0,0,0,0,0,0,0,0,1
0,0,0,0,0,0,0,0,1
0,0,0,0,0,0,0,0,1
0,0,0,0,0,0,0,0,1
0,0,0,0,0,0,0,0,1
0,0,0,0,0,0,0,0,1
0,0,0,0,0,0,0,0,1
0,0,0,0,0,0,0,0,1
0,0,0,0,0,0,0,0,1
0,0,0,0,0,0,0,0,1
0,0,0,0,0,0,0,0,1
0,0,0,0,0,0,0,0,1
0,0,0,0,0,0,0,0,1
0,0,0,0,0,0,0,0,1
0,0,0,0,0,0,0,0,1
0,0,0,0,0,0,0,0,1
0,0,0,0,0,0,0,0,1
0,0,0,0,0,0,0,0,1
0,0,0,0,0,0,0,0,1
0,0,0,0,0,0,0,0,1
0,0,0,0,0,0,0,0,1
0,0,0,0,0,0,0,0,1
0,0,0,0,0,0,0,0,1
0,0,0,0,0,0,0,0,1
0,0,0,0,0,0,0,0,1
0,0,0,0,0,0,0,0,1
0,0,0,0,0,0,0,0,1
0,0,0,0,0,0,0,0,1
0,0,0,0,0,0,0,0,1
0,0,0,0,0,0,0,0,1
0,0,0,0,0,0,0,0,1
0,0,0,0,0,0,0,0,1
0,0,0,0,0,0,0,0,1
0,0,0,0,0,0,0,0,1
0,0,0,0,0,0,0,0,1
0,0,0,0,0,0,0,0,1
0,0,0,0,0,0,0,0,1
0,0,0,0,0,0,0,0,1
0,0,0,0,0,0,0,0,1
0,0,0,0,0,0,0,0,1
0,0,0,0,0,0,0,0,1
0,0,0,0,0,0,0,0,1
0,0,0,0,0,0,0,0,1
0,0,0,0,0,0,0,0,1
0,0,0,0,0,0,0,0,1
0,0,0,0,0,0,0,0,1
0,0,0,0,0,0,0,0,1
0,0,0,0,0,0,0,0,1
0,0,0,0,0,0,0,0,1
0,0,0,0,0,0,0,0,1
0,0,0,0,0,0,0,0,1
0,0,0,0,0,0,0,0,1
0,0,0,0,0,0,0,0,1
0,0,0,0,0,0,0,0,1
0,0,0,0,0,0,0,0,1
0,0,0,0,0,0,0,0,1
0,0,0,0,0,0,0,0,1
0,0,0,0,0,0,0,0,1
0,0,0,0,0,0,0,0,1
0,0,0,0,0,0,0,0,1
0,0,0,0,0,0,0,0,1
0,0,0,0,0,0,0,0,1
0,0,0,0,0,0,0,0,1
0,0,0,0,0,0,0,0,1
0,0,0,0,0,0,0,0,1
0,0,0,0,0,0,0,0,1
0,0,0,0,0,0,0,0,1
0,0,0,0,0,0,0,0,1
0,0,0,0,0,0,0,0,1
0,0,0,0,0,0,0,0,1
0,0,0,0,0,0,0,0,1
0,0,0,0,0,0,0,0,1
0,0,0,0,0,0,0,0,1
0,0,0,0,0,0,0,0,1
0,0,0,0,0,0,0,0,1
0,0,0,0,0,0,0,0,1
0,0,0,0,0,0,0,0,1
0,0,0,0,0,0,0,0,1
0,0,0,0,0,0,0,0,1
0,0,0,0,0,0,0,0,1
0,0,0,0,0,0,0,0,1
0,0,0,0,0,0,0,0,1
0,0,0,0,0,0,0,0,1
0,0,0,0,0,0,0,0,1
0,0,0,0,0,0,0,0,1
0,0,0,0,0,0,0,0,1
0,0,0,0,0,0,0,0,1
0,0,0,0,0,0,0,0,1
0,0,0,0,0,0,0,0,1
0,0,0,0,0,0,0,0,1
0,0,0,0,0,0,0,0,1
0,0,0,0,0,0,0,0,1
0,0,0,0,0,0,0,0,1
0,0,0,0,0,0,0,0,1
0,0,0,0,0,0,0,0,1
0,0,0,0,0,0,0,0,1
0,0,0,0,0,0,0,0,1
0,0,0,0,0,0,0,0,1
0,0,0,0,0,0,0,0,1
0,0,0,0,0,0,0,0,1
0,0,0,0,0,0,0,0,1
0,0,0,0,0,0,0,0,1
0,0,0,0,0,0,0,0,1
0,0,0,0,0,0,0,0,1
0,0,0,0,0,0,0,0,1
0,0,0,0,0,0,0,0,1
0,0,0,0,0,0,0,0,1
0,0,0,0,0,0,0,0,1
0,0,0,0,0,0,0,0,1
0,0,0,0,0,0,0,0,1
0,0,0,0,0,0,0,0,1
0,0,0,0,0,0,0,0,1
0,0,0,0,0,0,0,0,1
0,0,0,0,0,0,0,0,1
0,0,0,0,0,0,0,0,1
0,0,0,0,0,0,0,0,1
0,1,0,0,0,0,0,0,1
16,27,12,0,0,0,1,0,0
11,3,0,1,0,0,1,0,0
22,0,0,1,0,0,1,0,0
0,0,0,0,0,0,0,0,1
0,0,0,0,0,0,0,0,1
2,0,0,0,0,0,0,0,1
0,0,0,0,0,0,0,0,1
0,0,0,0,0,0,0,0,1
0,0,0,0,0,0,0,0,1
0,0,0,0,0,0,0,0,1
0,0,0,0,0,0,0,0,1
0,0,0,0,0,0,0,0,1
0,0,0,0,0,0,0,0,1
0,0,0,0,0,0,0,0,1
0,0,0,0,0,0,0,0,1
0,0,0,0,0,0,0,0,1
0,0,0,0,0,0,0,0,1
0,0,0,0,0,0,0,0,1
0,0,0,0,0,0,0,0,1
0,0,0,0,0,0,0,0,1
0,0,0,0,0,0,0,0,1
0,0,0,0,0,0,0,0,1
0,0,0,0,0,0,0,0,1
15,10,0,0,0,0,1,0,0
0,0,0,0,0,0,0,0,1
0,0,0,0,0,0,0,0,1
20,17,8,1,0,0,1,0,0
43,24,6,0,0,0,1,0,0
0,0,0,0,0,0,0,0,1
0,0,0,0,0,0,0,0,1
0,0,0,0,0,0,0,0,1
0,0,0,0,0,0,0,0,1
0,0,0,0,0,0,0,0,1
0,0,0,0,0,0,0,0,1
0,0,0,0,0,0,0,0,1
0,0,0,0,0,0,0,0,1
0,0,0,0,0,0,0,0,1
0,0,0,0,0,0,0,0,1
0,0,0,0,0,0,0,0,1
0,0,0,0,0,0,0,0,1
0,0,0,0,0,0,0,0,1
0,0,0,0,0,0,0,0,1
0,0,0,0,0,0,0,0,1
0,0,0,0,0,0,0,0,1
0,0,0,0,0,0,0,0,1
0,0,0,0,0,0,0,0,1
0,0,0,0,0,0,0,0,1
0,0,0,0,0,0,0,0,1
0,0,0,0,0,0,0,0,1
0,0,0,0,0,0,0,0,1
0,0,0,0,0,0,0,0,1
0,0,0,0,0,0,0,0,1
0,0,0,0,0,0,0,0,1
0,0,0,0,0,0,0,0,1
0,0,0,0,0,0,0,0,1
0,0,0,0,0,0,0,0,1
0,0,0,0,0,0,0,0,1
0,0,0,0,0,0,0,0,1
0,0,0,0,0,0,0,0,1
0,0,0,0,0,0,0,0,1
0,0,0,0,0,0,0,0,1
0,0,0,0,0,0,0,0,1
0,0,0,0,0,0,0,0,1
0,0,0,0,0,0,0,0,1
0,0,0,0,0,0,0,0,1
0,0,0,0,0,0,0,0,1
0,0,0,0,0,0,0,0,1
0,0,0,0,0,0,0,0,1
0,0,0,0,0,0,0,0,1
0,0,0,0,0,0,0,0,1
0,0,0,0,0,0,0,0,1
0,0,0,0,0,0,0,0,1
0,0,0,0,0,0,0,0,1
0,0,0,0,0,0,0,0,1
0,0,0,0,0,0,0,0,1
0,0,0,0,0,0,0,0,1
0,0,0,0,0,0,0,0,1
0,0,0,0,0,0,0,0,1
0,0,0,0,0,0,0,0,1
0,0,0,0,0,0,0,0,1
0,0,0,0,0,0,0,0,1
0,0,0,0,0,0,0,0,1
0,0,0,0,0,0,0,0,1
0,0,0,0,0,0,0,0,1
0,0,0,0,0,0,0,0,1
0,0,0,0,0,0,0,0,1
0,0,0,0,0,0,0,0,1
0,0,0,0,0,0,0,0,1
0,0,0,0,0,0,0,0,1
0,0,0,0,0,0,0,0,1
0,0,0,0,0,0,0,0,1
0,0,0,0,0,0,0,0,1
0,0,0,0,0,0,0,0,1
0,0,0,0,0,0,0,0,1
0,0,0,0,0,0,0,0,1
0,0,0,0,0,0,0,0,1
0,0,0,0,0,0,0,0,1
0,0,0,0,0,0,0,0,1
0,0,0,0,0,0,0,0,1
0,0,0,0,0,0,0,0,1
0,0,0,0,0,0,0,0,1
0,0,0,0,0,0,0,0,1
0,0,0,0,0,0,0,0,1
0,0,0,0,0,0,0,0,1
0,0,0,0,0,0,0,0,1
0,0,0,0,0,0,0,0,1
0,0,0,0,0,0,0,0,1
0,0,0,0,0,0,0,0,1
0,0,0,0,0,0,0,0,1
0,0,0,0,0,0,0,0,1
0,0,0,0,0,0,0,0,1
0,0,0,0,0,0,0,0,1
0,0,0,0,0,0,0,0,1
0,0,0,0,0,0,0,0,1
0,0,0,0,0,0,0,0,1
0,0,0,0,0,0,0,0,1
0,0,0,0,0,0,0,0,1
0,0,0,0,0,0,0,0,1
0,0,0,0,0,0,0,0,1
0,0,0,0,0,0,0,0,1
0,0,0,0,0,0,0,0,1
0,0,0,0,0,0,0,0,1
0,0,0,0,0,0,0,0,1
0,0,0,0,0,0,0,0,1
0,0,0,0,0,0,0,0,1
0,0,0,0,0,0,0,0,1
0,0,0,0,0,0,0,0,1
0,0,0,0,0,0,0,0,1
0,0,0,0,0,0,0,0,1
0,0,0,0,0,0,0,0,1
0,0,0,0,0,0,0,0,1
0,0,0,0,0,0,0,0,1
0,0,0,0,0,0,0,0,1
0,0,0,0,0,0,0,0,1
0,0,0,0,0,0,0,0,1
0,0,0,0,0,0,0,0,1
0,0,0,0,0,0,0,0,1
0,0,0,0,0,0,0,0,1
0,0,0,0,0,0,0,0,1
0,0,0,0,0,0,0,0,1
0,0,0,0,0,0,0,0,1
0,0,0,0,0,0,0,0,1
0,0,0,0,0,0,0,0,1
0,0,0,0,0,0,0,0,1
0,0,0,0,0,0,0,0,1
0,0,0,0,0,0,0,0,1
0,0,0,0,0,0,0,0,1
0,0,0,0,0,0,0,0,1
0,0,0,0,0,0,0,0,1
0,0,0,0,0,0,0,0,1
0,0,0,0,0,0,0,0,1
0,0,0,0,0,0,0,0,1
0,0,0,0,0,0,0,0,1
0,0,0,0,0,0,0,0,1
0,0,0,0,0,0,0,0,1
0,0,0,0,0,0,0,0,1
0,0,0,0,0,0,0,0,1
0,0,0,0,0,0,0,0,1
0,0,0,0,0,0,0,0,1
0,0,0,0,0,0,0,0,1
0,0,0,0,0,0,0,0,1
0,0,0,0,0,0,0,0,1
0,0,0,0,0,0,0,0,1
0,0,0,0,0,0,0,0,1
0,0,0,0,0,0,0,0,1
0,0,0,0,0,0,0,0,1
0,0,0,0,0,0,0,0,1
0,0,0,0,0,0,0,0,1
0,0,0,0,0,0,0,0,1
0,0,0,0,0,0,0,0,1
0,0,0,0,0,0,0,0,1
0,0,0,0,0,0,0,0,1
0,0,0,0,0,0,0,0,1
0,0,0,0,0,0,0,0,1
0,0,0,0,0,0,0,0,1
0,0,0,0,0,0,0,0,1
0,0,0,0,0,0,0,0,1
0,0,0,0,0,0,0,0,1
0,0,0,0,0,0,0,0,1
0,0,0,0,0,0,0,0,1
0,0,0,0,0,0,0,0,1
0,0,0,0,0,0,0,0,1
0,0,0,0,0,0,0,0,1
0,0,0,0,0,0,0,0,1
0,0,0,0,0,0,0,0,1
0,0,0,0,0,0,0,0,1
0,0,0,0,0,0,0,0,1
0,0,0,0,0,0,0,0,1
0,0,0,0,0,0,0,0,1
0,0,0,0,0,0,0,0,1
0,0,0,0,0,0,0,0,1
0,0,0,0,0,0,0,0,1
0,0,0,0,0,0,0,0,1
0,0,0,0,0,0,0,0,1
0,0,0,0,0,0,0,0,1
0,0,0,0,0,0,0,0,1
0,0,0,0,0,0,0,0,1
0,0,0,0,0,0,0,0,1
0,0,0,0,0,0,0,0,1
0,0,0,0,0,0,0,0,1
0,0,0,0,0,0,0,0,1
0,0,0,0,0,0,0,0,1
0,0,0,0,0,0,0,0,1
0,0,0,0,0,0,0,0,1
0,0,0,0,0,0,0,0,1
0,0,0,0,0,0,0,0,1
0,0,0,0,0,0,0,0,1
0,0,0,0,0,0,0,0,1
0,0,0,0,0,0,0,0,1
0,0,0,0,0,1,0,0,0
0,0,0,0,0,1,0,0,0
0,0,0,0,0,1,0,0,0
0,0,0,0,0,1,0,0,0
0,0,0,0,0,1,0,0,0
0,0,0,0,0,1,0,0,0
0,0,0,0,0,1,0,0,0
0,0,0,0,0,1,0,0,0
0,0,0,0,0,1,0,0,0
0,0,0,0,0,1,0,0,0
0,0,0,0,0,1,0,0,0
0,0,0,0,0,1,0,0,0
0,0,0,0,0,1,0,0,0
0,0,0,0,0,1,0,0,0
0,0,0,0,0,1,0,0,0
0,0,0,0,0,1,0,0,0
0,0,0,0,0,1,0,0,0
0,0,0,0,0,1,0,0,0
0,0,0,0,0,1,0,0,0
0,0,0,0,0,1,0,0,0
0,0,0,0,0,1,0,0,0
0,0,0,0,0,1,0,0,0
0,0,0,0,0,1,0,0,0
0,0,0,0,0,1,0,0,0
0,0,0,0,0,1,0,0,0
0,0,0,0,0,1,0,0,0
0,0,0,0,0,1,0,0,0
0,0,0,0,0,1,0,0,0
0,0,0,0,0,1,0,0,0
0,0,0,0,0,1,0,0,0
0,0,0,0,0,1,0,0,0
0,0,0,0,0,1,0,0,0
0,0,0,0,0,1,0,0,0
0,0,0,0,0,1,0,0,0
0,0,0,0,0,1,0,0,0
0,0,0,0,0,1,0,0,0
0,0,0,0,0,1,0,0,0
0,0,0,0,0,1,0,0,0
0,0,0,0,0,1,0,0,0
0,0,0,0,0,1,0,0,0
0,0,0,0,0,1,0,0,0
0,0,0,0,0,1,0,0,0
0,0,0,0,0,1,0,0,0
0,0,0,0,0,1,0,0,0
0,0,0,0,0,1,0,0,0
0,0,0,0,0,1,0,0,0
0,0,0,0,0,1,0,0,0
0,0,0,0,0,1,0,0,0
0,0,0,0,0,1,0,0,0
0,0,0,0,0,1,0,0,0
0,0,0,0,0,1,0,0,0
0,0,0,0,0,1,0,0,0
0,0,0,0,0,1,0,0,0
0,0,0,0,0,1,0,0,0
0,0,0,0,0,1,0,0,0
0,0,0,0,0,1,0,0,0
0,0,0,0,0,1,0,0,0
0,0,0,0,0,1,0,0,0
0,0,0,0,0,1,0,0,0
0,0,0,0,0,1,0,0,0
0,0,0,0,0,1,0,0,0
0,0,0,0,0,1,0,0,0
0,0,0,0,0,1,0,0,0
0,0,0,0,0,1,0,0,0
0,0,0,0,0,1,0,0,0
0,0,0,0,0,1,0,0,0
0,0,0,0,0,1,0,0,0
0,0,0,0,0,1,0,0,0
0,0,0,0,0,1,0,0,0
0,0,0,0,0,1,0,0,0
0,0,0,0,0,1,0,0,0
0,0,0,0,0,1,0,0,0
0,0,0,0,0,1,0,0,0
0,0,0,0,0,1,0,0,0
0,0,0,0,0,1,0,0,0
0,0,0,0,0,1,0,0,0
0,0,0,0,0,1,0,0,0
0,0,0,0,0,1,0,0,0
0,0,0,0,0,1,0,0,0
0,0,0,0,0,1,0,0,0
0,0,0,0,0,1,0,0,0
0,0,0,0,0,1,0,0,0
0,0,0,0,0,1,0,0,0
0,0,0,0,0,1,0,0,0
0,0,0,0,0,1,0,0,0
0,0,0,0,0,1,0,0,0
0,0,0,0,0,1,0,0,0
0,0,0,0,0,1,0,0,0
0,0,0,0,0,1,0,0,0
0,0,0,0,0,1,0,0,0
0,0,0,0,0,1,0,0,0
0,0,0,0,0,1,0,0,0
0,0,0,0,0,1,0,0,0
0,0,0,0,0,1,0,0,0
0,0,0,0,0,1,0,0,0
0,0,0,0,0,1,0,0,0
0,0,0,0,0,1,0,0,0
0,0,0,0,0,1,0,0,0
0,0,0,0,0,1,0,0,0
0,0,0,0,0,1,0,0,0
0,0,0,0,0,1,0,0,0
0,0,0,0,0,1,0,0,0
0,0,0,0,0,1,0,0,0
0,0,0,0,0,1,0,0,0
0,0,0,0,0,1,0,0,0
0,0,0,0,0,1,0,0,0
0,0,0,0,0,1,0,0,0
0,0,0,0,0,1,0,0,0
0,0,0,0,0,1,0,0,0
0,0,0,0,0,1,0,0,0
0,0,0,0,0,1,0,0,0
0,0,0,0,0,1,0,0,0
0,0,0,0,0,1,0,0,0
0,0,0,0,0,1,0,0,0
0,0,0,0,0,1,0,0,0
0,0,0,0,0,1,0,0,0
0,0,0,0,0,1,0,0,0
0,0,0,0,0,1,0,0,0
0,0,0,0,0,1,0,0,0
0,0,0,0,0,1,0,0,0
0,0,0,0,0,1,0,0,0
0,0,0,0,0,1,0,0,0
0,0,0,0,0,1,0,0,0
0,0,0,0,0,1,0,0,0
0,0,0,0,0,1,0,0,0
0,0,0,0,0,1,0,0,0
0,0,0,0,0,1,0,0,0
0,0,0,0,0,1,0,0,0
0,0,0,0,0,1,0,0,0
0,0,0,0,0,1,0,0,0
0,0,0,0,0,1,0,0,0
0,0,0,0,0,1,0,0,0
0,0,0,0,0,1,0,0,0
0,0,0,0,0,1,0,0,0
0,0,0,0,0,1,0,0,0
0,0,0,0,0,1,0,0,0
0,0,0,0,0,1,0,0,0
0,0,0,0,0,1,0,0,0
0,0,0,0,0,1,0,0,0
0,0,0,0,0,1,0,0,0
0,0,0,0,0,1,0,0,0
0,0,0,0,0,1,0,0,0
0,0,0,0,0,1,0,0,0
0,0,0,0,0,1,0,0,0
0,0,0,0,0,1,0,0,0
0,0,0,0,0,1,0,0,0
0,0,0,0,0,1,0,0,0
0,0,0,0,0,1,0,0,0
0,0,0,0,0,1,0,0,0
0,0,0,0,0,1,0,0,0
0,0,0,0,0,1,0,0,0
0,0,0,0,0,1,0,0,0
0,0,0,0,0,1,0,0,0
0,0,0,0,0,1,0,0,0
0,0,0,0,0,1,0,0,0
0,0,0,0,0,1,0,0,0
0,0,0,0,0,1,0,0,0
0,0,0,0,0,1,0,0,0
0,0,0,0,0,1,0,0,0
0,0,0,0,0,1,0,0,0
0,0,0,0,0,1,0,0,0
0,0,0,0,0,1,0,0,0
0,0,0,0,0,1,0,0,0
0,0,0,0,0,1,0,0,0
0,0,0,0,0,1,0,0,0
0,0,0,0,0,1,0,0,0
0,0,0,0,0,1,0,0,0
0,0,0,0,0,1,0,0,0
0,0,0,0,0,1,0,0,0
0,0,0,0,0,1,0,0,0
0,0,0,0,0,1,0,0,0
0,0,0,0,0,1,0,0,0
0,0,0,0,0,1,0,0,0
0,0,0,0,0,1,0,0,0
0,0,0,0,0,1,0,0,0
0,0,0,0,0,1,0,0,0
0,0,0,0,0,1,0,0,0
0,0,0,0,0,1,0,0,0
0,0,0,0,0,1,0,0,0
0,0,0,0,0,1,0,0,0
0,0,0,0,0,1,0,0,0
0,0,0,0,0,1,0,0,0
0,0,0,0,0,1,0,0,0
0,0,0,0,0,1,0,0,0
0,0,0,0,0,1,0,0,0
0,0,0,0,0,1,0,0,0
0,0,0,0,0,1,0,0,0
0,0,0,0,0,1,0,0,0
0,0,0,0,0,1,0,0,0
0,0,0,0,0,1,0,0,0
0,0,0,0,0,1,0,0,0
0,0,0,0,0,1,0,0,0
0,0,0,0,0,1,0,0,0
0,0,0,0,0,1,0,0,0
0,0,0,0,0,1,0,0,0
0,0,0,0,0,1,0,0,0
0,0,0,0,0,1,0,0,0
0,0,0,0,0,1,0,0,0
0,0,0,0,0,1,0,0,0
0,0,0,0,0,1,0,0,0
0,0,0,0,0,1,0,0,0
0,0,0,0,0,1,0,0,0
0,0,0,0,0,1,0,0,0
0,0,0,0,0,1,0,0,0
0,0,0,0,0,1,0,0,0
0,0,0,0,0,1,0,0,0
0,0,0,0,0,1,0,0,0
0,0,0,0,0,1,0,0,0
0,0,0,0,0,1,0,0,0
0,0,0,0,0,1,0,0,0
0,0,0,0,0,1,0,0,0
0,0,0,0,0,1,0,0,0
0,0,0,0,0,1,0,0,0
0,0,0,0,0,1,0,0,0
0,0,0,0,0,1,0,0,0
0,0,0,0,0,0,0,0,1
0,0,0,0,0,0,0,0,1
0,0,0,0,0,0,0,0,1
0,0,0,0,0,0,0,0,1
0,0,0,0,0,0,0,0,1
0,0,0,0,0,0,0,0,1
0,0,0,0,0,0,0,0,1
0,0,0,0,0,0,0,0,1
0,0,0,0,0,0,0,0,1
0,0,0,0,0,0,0,0,1
0,0,0,0,0,0,0,0,1
0,0,0,0,0,0,0,0,1
0,0,0,0,0,0,0,0,1
0,0,0,0,0,0,0,0,1
0,0,0,0,0,0,0,0,1
0,0,0,0,0,0,0,0,1
0,0,0,0,0,0,0,0,1
0,0,0,0,0,0,0,0,1
0,0,0,0,0,0,0,0,1
0,0,0,0,0,0,0,0,1
0,0,0,0,0,0,0,0,1
0,0,0,0,0,0,0,0,1
0,0,0,0,0,0,0,0,1
0,0,0,0,0,0,0,0,1
0,0,0,0,0,0,0,0,1
0,0,0,0,0,0,0,0,1
0,0,0,0,0,0,0,0,1
0,0,0,0,0,0,0,0,1
0,0,0,0,0,0,0,0,1
0,0,0,0,0,0,0,0,1
0,0,0,0,0,0,0,0,1
0,0,0,0,0,0,0,0,1
0,0,0,0,0,0,0,0,1
0,0,0,0,0,0,0,0,1
0,0,0,0,0,0,0,0,1
0,0,0,0,0,0,0,0,1
0,0,0,0,0,0,0,0,1
0,0,0,0,0,0,0,0,1
0,0,0,0,0,0,0,0,1
0,0,0,0,0,0,0,0,1
0,0,0,0,0,0,0,0,1
0,0,0,0,0,0,0,0,1
0,0,0,0,0,0,0,0,1
0,0,0,0,0,0,0,0,1
0,0,0,0,0,0,0,0,1
0,0,0,0,0,0,0,0,1
0,0,0,0,0,0,0,0,1
0,0,0,0,0,0,0,0,1
0,0,0,0,0,0,0,0,1
0,0,0,0,0,0,0,0,1
0,0,0,0,0,0,0,0,1
0,0,0,0,0,0,0,0,1
0,0,0,0,0,0,0,0,1
0,0,0,0,0,0,0,0,1
0,0,0,0,0,0,0,0,1
0,0,0,0,0,0,0,0,1
0,0,0,0,0,0,0,0,1
0,0,0,0,0,0,0,0,1
0,0,0,0,0,0,0,0,1
0,0,0,0,0,0,0,0,1
0,0,0,0,0,0,0,0,1
0,0,0,0,0,0,0,0,1
0,0,0,0,0,0,0,0,1
0,0,0,0,0,0,0,0,1
0,0,0,0,0,0,0,0,1
0,0,0,0,0,0,0,0,1
0,0,0,0,0,0,0,0,1
0,0,0,0,0,0,0,0,1
0,0,0,0,0,0,0,0,1
0,0,0,0,0,0,0,0,1
0,0,0,0,0,0,0,0,1
0,0,0,0,0,0,0,0,1
0,0,0,0,0,0,0,0,1
0,0,0,0,0,0,0,0,1
0,0,0,0,0,0,0,0,1
0,0,0,0,0,0,0,0,1
0,0,0,0,0,0,0,0,1
0,0,0,0,0,0,0,0,1
0,0,0,0,0,0,0,0,1
0,0,0,0,0,0,0,0,1
0,0,0,0,0,0,0,0,1
0,0,0,0,0,0,0,0,1
0,0,0,0,0,0,0,0,1
0,0,0,0,0,0,0,0,1
0,0,0,0,0,0,0,0,1
0,0,0,0,0,0,0,0,1
0,0,0,0,0,0,0,0,1
0,0,0,0,0,0,0,0,1
0,0,0,0,0,0,0,0,1
0,0,0,0,0,0,0,0,1
0,0,0,0,0,0,0,0,1
0,0,0,0,0,0,0,0,1
0,0,0,0,0,0,0,0,1
0,0,0,0,0,0,0,0,1
0,0,0,0,0,0,0,0,1
0,0,0,0,0,0,0,0,1
0,0,0,0,0,0,0,0,1
0,0,0,0,0,0,0,0,1
0,0,0,0,0,0,0,0,1
0,0,0,0,0,0,0,0,1
0,0,0,0,0,0,0,0,1
0,0,0,0,0,0,0,0,1
0,0,0,0,0,0,0,0,1
0,0,0,0,0,0,0,0,1
0,0,0,0,0,0,0,0,1
0,0,0,0,0,0,0,0,1
0,0,0,0,0,0,0,0,1
0,0,0,0,0,0,0,0,1
0,0,0,0,0,0,0,0,1
0,0,0,0,0,0,0,0,1
0,0,0,0,0,0,0,0,1
0,0,0,0,0,0,0,0,1
0,0,0,0,0,0,0,0,1
0,0,0,0,0,0,0,0,1
0,0,0,0,0,0,0,0,1
0,0,0,0,0,0,0,0,1
0,0,0,0,0,0,0,0,1
0,0,0,0,0,0,0,0,1
0,0,0,0,0,0,0,0,1
0,0,0,0,0,0,0,0,1
0,0,0,0,0,0,0,0,1
0,0,0,0,0,0,0,0,1
0,0,0,0,0,0,0,0,1
0,0,0,0,0,0,0,0,1
0,0,0,0,0,0,0,0,1
0,0,0,0,0,0,0,0,1
0,0,0,0,0,0,0,0,1
0,0,0,0,0,0,0,0,1
0,0,0,0,0,0,0,0,1
0,0,0,0,0,0,0,0,1
0,0,0,0,0,0,0,0,1
0,0,0,0,0,0,0,0,1
0,0,0,0,0,0,0,0,1
0,0,0,0,0,0,0,0,1
0,0,0,0,0,0,0,0,1
0,0,0,0,0,0,0,0,1
0,0,0,0,0,0,0,0,1
0,0,0,0,0,0,0,0,1
0,0,0,0,0,0,0,0,1
0,0,0,0,0,0,0,0,1
0,0,0,0,0,0,0,0,1
0,0,0,0,0,0,0,0,1
0,0,0,0,0,0,0,0,1
0,0,0,0,0,0,0,0,1
0,0,0,0,0,0,0,0,1
0,0,0,0,0,0,0,0,1
0,0,0,0,0,0,0,0,1
0,0,0,0,0,0,0,0,1
0,0,0,0,0,0,0,0,1
0,0,0,0,0,0,0,0,1
0,0,0,0,0,0,0,0,1
0,0,0,0,0,0,0,0,1
0,0,0,0,0,0,0,0,1
0,0,0,0,0,0,0,0,1
0,0,0,0,0,0,0,0,1
0,0,0,0,0,0,0,0,1
0,0,0,0,0,0,0,0,1
0,0,0,0,0,0,0,0,1
0,0,0,0,0,0,0,0,1
0,0,0,0,0,0,0,0,1
0,0,0,0,0,0,0,0,1
0,0,0,0,0,0,0,0,1
0,0,0,0,0,0,0,0,1
0,0,0,0,0,0,0,0,1
0,0,0,0,0,0,0,0,1
0,0,0,0,0,0,0,0,1
0,0,0,0,0,0,0,0,1
0,0,0,0,0,0,0,0,1
0,0,0,0,0,0,0,0,1
0,0,0,0,0,0,0,0,1
0,0,0,0,0,0,0,0,1
0,0,0,0,0,0,0,0,1
0,0,0,0,0,0,0,0,1
0,0,0,0,0,0,0,0,1
0,0,0,0,0,0,0,0,1
0,0,0,0,0,0,0,0,1
0,0,0,0,0,0,0,0,1
0,0,0,0,0,0,0,0,1
0,0,0,0,0,0,0,0,1
0,0,0,0,0,0,0,0,1
0,0,0,0,0,0,0,0,1
0,0,0,0,0,1,0,0,0
0,0,0,0,0,1,0,0,0
0,0,0,0,0,1,0,0,0
0,0,0,0,0,1,0,0,0
0,0,0,0,0,1,0,0,0
0,0,0,0,0,1,0,0,0
0,0,0,0,0,1,0,0,0
0,0,0,0,0,1,0,0,0
0,0,0,0,0,1,0,0,0
0,0,0,0,0,1,0,0,0
0,0,0,0,0,1,0,0,0
0,0,0,0,0,1,0,0,0
0,0,0,0,0,1,0,0,0
0,0,0,0,0,1,0,0,0
0,0,0,0,0,1,0,0,0
0,0,0,0,0,1,0,0,0
0,0,0,0,0,1,0,0,0
0,0,0,0,0,1,0,0,0
0,0,0,0,0,1,0,0,0
0,0,0,0,0,1,0,0,0
0,0,0,0,0,1,0,0,0
0,0,0,0,0,1,0,0,0
0,0,0,0,0,1,0,0,0
0,0,0,0,0,1,0,0,0
0,0,0,0,0,1,0,0,0
0,0,0,0,0,1,0,0,0
0,0,0,0,0,1,0,0,0
0,0,0,0,0,1,0,0,0
0,0,0,0,0,1,0,0,0
0,0,0,0,0,1,0,0,0
0,0,0,0,0,1,0,0,0
0,0,0,0,0,1,0,0,0
0,0,0,0,0,1,0,0,0
0,0,0,0,0,1,0,0,0
0,0,0,0,0,1,0,0,0
0,0,0,0,0,1,0,0,0
0,0,0,0,0,1,0,0,0
0,0,0,0,0,1,0,0,0
0,0,0,0,0,1,0,0,0
0,0,0,0,0,1,0,0,0
0,0,0,0,0,1,0,0,0
0,0,0,0,0,1,0,0,0
0,0,0,0,0,1,0,0,0
0,0,0,0,0,1,0,0,0
0,0,0,0,0,1,0,0,0
0,0,0,0,0,1,0,0,0
0,0,0,0,0,1,0,0,0
0,0,0,0,0,1,0,0,0
0,0,0,0,0,1,0,0,0
0,0,0,0,0,1,0,0,0
0,0,0,0,0,1,0,0,0
0,0,0,0,0,1,0,0,0
0,0,0,0,0,1,0,0,0
0,0,0,0,0,1,0,0,0
0,0,0,0,0,1,0,0,0
0,0,0,0,0,1,0,0,0
0,0,0,0,0,1,0,0,0
0,0,0,0,0,1,0,0,0
0,0,0,0,0,1,0,0,0
0,0,0,0,0,1,0,0,0
0,0,0,0,0,1,0,0,0
0,0,0,0,0,1,0,0,0
0,0,0,0,0,1,0,0,0
0,0,0,0,0,1,0,0,0
0,0,0,0,0,1,0,0,0
0,0,0,0,0,1,0,0,0
0,0,0,0,0,1,0,0,0
0,0,0,0,0,1,0,0,0
0,0,0,0,0,1,0,0,0
0,0,0,0,0,1,0,0,0
0,0,0,0,0,1,0,0,0
0,0,0,0,0,1,0,0,0
0,0,0,0,0,1,0,0,0
0,0,0,0,0,1,0,0,0
0,0,0,0,0,1,0,0,0
0,0,0,0,0,1,0,0,0
0,0,0,0,0,1,0,0,0
0,0,0,0,0,1,0,0,0
0,0,0,0,0,1,0,0,0
0,0,0,0,0,1,0,0,0
0,0,0,0,0,1,0,0,0
0,0,0,0,0,1,0,0,0
0,0,0,0,0,1,0,0,0
0,0,0,0,0,1,0,0,0
0,0,0,0,0,1,0,0,0
0,0,0,0,0,1,0,0,0
0,0,0,0,0,1,0,0,0
0,0,0,0,0,1,0,0,0
0,0,0,0,0,1,0,0,0
0,0,0,0,0,1,0,0,0
0,0,0,0,0,1,0,0,0
0,0,0,0,0,1,0,0,0
0,0,0,0,0,1,0,0,0
0,0,0,0,0,1,0,0,0
0,0,0,0,0,1,0,0,0
0,0,0,0,0,1,0,0,0
0,0,0,0,0,1,0,0,0
0,0,0,0,0,1,0,0,0
0,0,0,0,0,1,0,0,0
0,0,0,0,0,1,0,0,0
0,0,0,0,0,1,0,0,0
0,0,0,0,0,1,0,0,0
0,0,0,0,0,1,0,0,0
0,0,0,0,0,1,0,0,0
0,0,0,0,0,1,0,0,0
0,0,0,0,0,1,0,0,0
0,0,0,0,0,1,0,0,0
0,0,0,0,0,1,0,0,0
0,0,0,0,0,1,0,0,0
0,0,0,0,0,1,0,0,0
0,0,0,0,0,1,0,0,0
0,0,0,0,0,1,0,0,0
0,0,0,0,0,1,0,0,0
0,0,0,0,0,1,0,0,0
0,0,0,0,0,1,0,0,0
0,0,0,0,0,1,0,0,0
0,0,0,0,0,1,0,0,0
0,0,0,0,0,1,0,0,0
0,0,0,0,0,1,0,0,0
0,0,0,0,0,1,0,0,0
0,0,0,0,0,1,0,0,0
0,0,0,0,0,1,0,0,0
0,0,0,0,0,1,0,0,0
0,0,0,0,0,1,0,0,0
0,0,0,0,0,1,0,0,0
0,0,0,0,0,1,0,0,0
0,0,0,0,0,1,0,0,0
0,0,0,0,0,1,0,0,0
0,0,0,0,0,1,0,0,0
0,0,0,0,0,1,0,0,0
0,0,0,0,0,1,0,0,0
0,0,0,0,0,1,0,0,0
0,0,0,0,0,1,0,0,0
0,0,0,0,0,1,0,0,0
0,0,0,0,0,1,0,0,0
0,0,0,0,0,1,0,0,0
0,0,0,0,0,1,0,0,0
0,0,0,0,0,1,0,0,0
0,0,0,0,0,1,0,0,0
0,0,0,0,0,1,0,0,0
0,0,0,0,0,1,0,0,0
0,0,0,0,0,1,0,0,0
0,0,0,0,0,1,0,0,0
0,0,0,0,0,1,0,0,0
0,0,0,0,0,1,0,0,0
0,0,0,0,0,1,0,0,0
0,0,0,0,0,1,0,0,0
0,0,0,0,0,1,0,0,0
0,0,0,0,0,1,0,0,0
0,0,0,0,0,1,0,0,0
0,0,0,0,0,1,0,0,0
0,0,0,0,0,1,0,0,0
0,0,0,0,0,1,0,0,0
0,0,0,0,0,1,0,0,0
0,0,0,0,0,1,0,0,0
0,0,0,0,0,1,0,0,0
0,0,0,0,0,1,0,0,0
0,0,0,0,0,1,0,0,0
0,0,0,0,0,1,0,0,0
0,0,0,0,0,1,0,0,0
0,0,0,0,0,1,0,0,0
0,0,0,0,0,1,0,0,0
0,0,0,0,0,1,0,0,0
0,0,0,0,0,1,0,0,0
0,0,0,0,0,1,0,0,0
0,0,0,0,0,1,0,0,0
0,0,0,0,0,1,0,0,0
0,0,0,0,0,1,0,0,0
0,0,0,0,0,1,0,0,0
0,0,0,0,0,1,0,0,0
0,0,0,0,0,1,0,0,0
0,0,0,0,0,1,0,0,0
0,0,0,0,0,1,0,0,0
0,0,0,0,0,0,0,0,1
14,0,0,1,0,0,1,0,0
3,0,1,0,0,0,0,0,1
3,0,0,0,0,0,0,0,1
27,36,0,1,0,0,1,0,0
0,0,0,0,0,0,0,0,1
0,0,0,0,0,0,0,0,1
8,8,0,0,0,0,1,0,0
16,19,0,0,0,0,1,0,0
0,0,0,0,0,0,0,0,1
0,0,0,0,0,0,0,0,1
0,0,0,0,0,0,0,0,1
0,0,0,0,0,0,0,0,1
0,0,0,0,0,0,0,0,1
0,0,0,0,0,0,0,0,1
0,0,0,0,0,0,0,0,1
0,0,0,0,0,0,0,0,1
0,0,0,0,0,0,0,0,1
0,0,0,0,0,0,0,0,1
0,0,0,0,0,0,0,0,1
0,0,0,0,0,0,0,0,1
0,0,0,0,0,0,0,0,1
0,0,0,0,0,0,0,0,1
0,0,0,0,0,0,0,0,1
0,0,0,0,0,0,0,0,1
0,0,0,0,0,0,0,0,1
0,0,0,0,0,0,0,0,1
0,0,0,0,0,0,0,0,1
0,0,0,0,0,0,0,0,1
0,0,0,0,0,0,0,0,1
0,0,0,0,0,0,0,0,1
0,0,0,0,0,0,0,0,1
0,0,0,0,0,0,0,0,1
0,0,0,0,0,0,0,0,1
0,0,0,0,0,0,0,0,1
0,0,0,0,0,0,0,0,1
0,0,0,0,0,0,0,0,1
0,0,0,0,0,0,0,0,1
0,0,0,0,0,0,0,0,1
0,0,0,0,0,0,0,0,1
0,0,0,0,0,0,0,0,1
0,0,0,0,0,0,0,0,1
0,0,0,0,0,0,0,0,1
0,0,0,0,0,0,0,0,1
0,0,0,0,0,0,0,0,1
0,0,0,0,0,0,0,0,1
0,0,0,0,0,0,0,0,1
0,0,0,0,0,0,0,0,1
0,0,0,0,0,0,0,0,1
0,0,0,0,0,0,0,0,1
0,0,0,0,0,0,0,0,1
0,0,0,0,0,0,0,0,1
0,0,0,0,0,0,0,0,1
0,0,0,0,0,0,0,0,1
0,0,0,0,0,0,0,0,1
0,0,0,0,0,0,0,0,1
0,0,0,0,0,0,0,0,1
0,0,0,0,0,0,0,0,1
0,0,0,0,0,0,0,0,1
0,0,0,0,0,0,0,0,1
0,0,0,0,0,0,0,0,1
0,0,0,0,0,0,0,0,1
0,0,0,0,0,0,0,0,1
0,0,0,0,0,0,0,0,1
0,0,0,0,0,0,0,0,1
0,0,0,0,0,0,0,0,1
0,0,0,0,0,0,0,0,1
0,0,0,0,0,0,0,0,1
0,0,0,0,0,0,0,0,1
0,0,0,0,0,0,0,0,1
0,0,0,0,0,0,0,0,1
0,0,0,0,0,0,0,0,1
0,0,0,0,0,0,0,0,1
0,0,0,0,0,0,0,0,1
0,0,0,0,0,0,0,0,1
0,0,0,0,0,0,0,0,1
0,0,0,0,0,0,0,0,1
0,0,0,0,0,0,0,0,1
0,0,0,0,0,0,0,0,1
0,0,0,0,0,0,0,0,1
0,0,0,0,0,0,0,0,1
0,0,0,0,0,0,0,0,1
0,0,0,0,0,0,0,0,1
0,0,0,0,0,0,0,0,1
0,0,0,0,0,0,0,0,1
0,0,0,0,0,0,0,0,1
0,0,0,0,0,0,0,0,1
0,0,0,0,0,0,0,0,1
0,0,0,0,0,0,0,0,1
0,0,0,0,0,0,0,0,1
0,0,0,0,0,0,0,0,1
0,0,0,0,0,0,0,0,1
0,0,0,0,0,0,0,0,1
0,0,0,0,0,0,0,0,1
0,0,0,0,0,0,0,0,1
0,0,0,0,0,0,0,0,1
0,0,0,0,0,0,0,0,1
0,0,0,0,0,0,0,0,1
0,0,0,0,0,0,0,0,1
0,0,0,0,0,0,0,0,1
0,0,0,0,0,0,0,0,1
0,0,0,0,0,0,0,0,1
0,0,0,0,0,0,0,0,1
0,0,0,0,0,0,0,0,1
0,0,0,0,0,0,0,0,1
0,0,0,0,0,0,0,0,1
0,0,0,0,0,0,0,0,1
0,0,0,0,0,0,0,0,1
0,0,0,0,0,0,0,0,1
0,0,0,0,0,0,0,0,1
0,0,0,0,0,0,0,0,1
0,0,0,0,0,0,0,0,1
0,0,0,0,0,0,0,0,1
0,0,0,0,0,0,0,0,1
0,0,0,0,0,0,0,0,1
0,0,0,0,0,0,0,0,1
0,0,0,0,0,0,0,0,1
0,0,0,0,0,0,0,0,1
0,0,0,0,0,0,0,0,1
0,0,0,0,0,0,0,0,1
0,0,0,0,0,0,0,0,1
0,0,0,0,0,0,0,0,1
0,0,0,0,0,0,0,0,1
0,0,0,0,0,0,0,0,1
0,0,0,0,0,0,0,0,1
0,0,0,0,0,0,0,0,1
0,0,0,0,0,0,0,0,1
0,0,0,0,0,0,0,0,1
0,0,0,0,0,0,0,0,1
0,0,0,0,0,0,0,0,1
0,0,0,0,0,0,0,0,1
0,0,0,0,0,0,0,0,1
0,0,0,0,0,0,0,0,1
0,0,0,0,0,0,0,0,1
0,0,0,0,0,0,0,0,1
0,0,0,0,0,0,0,0,1
0,0,0,0,0,0,0,0,1
0,0,0,0,0,0,0,0,1
0,0,0,0,0,0,0,0,1
0,0,0,0,0,0,0,0,1
0,0,0,0,0,0,0,0,1
0,0,0,0,0,0,0,0,1
0,0,0,0,0,0,0,0,1
0,0,0,0,0,0,0,0,1
0,0,0,0,0,0,0,0,1
0,0,0,0,0,0,0,0,1
0,0,0,0,0,0,0,0,1
0,0,0,0,0,0,0,0,1
0,0,0,0,0,0,0,0,1
0,0,0,0,0,0,0,0,1
14,8,0,1,0,0,1,0,0
29,32,0,0,0,0,1,0,0
0,0,0,0,0,0,0,0,1
0,0,0,0,0,0,0,0,1
0,0,0,0,0,0,0,0,1
0,0,0,0,0,0,0,0,1
0,0,0,0,0,0,0,0,1
0,0,0,0,0,0,0,0,1
0,0,0,0,0,0,0,0,1
23,30,0,0,0,0,1,0,0
0,0,0,0,0,0,0,0,1
0,0,0,0,0,0,0,0,1
0,0,0,0,0,0,0,0,1
0,0,0,0,0,0,0,0,1
0,0,0,0,0,0,0,0,1
0,0,0,0,0,0,0,0,1
0,0,0,0,0,0,0,0,1
0,0,0,0,0,0,0,0,1
0,0,0,0,0,0,0,0,1
0,0,0,0,0,0,0,0,1
0,0,0,0,0,0,0,0,1
0,0,0,0,0,0,0,0,1
0,0,0,0,0,0,0,0,1
0,0,0,0,0,0,0,0,1
0,0,0,0,0,0,0,0,1
0,0,0,0,0,0,0,0,1
0,0,0,0,0,0,0,0,1
0,0,0,0,0,0,0,0,1
0,0,0,0,0,0,0,0,1
0,0,0,0,0,0,0,0,1
0,0,0,0,0,0,0,0,1
0,0,0,0,0,0,0,0,1
0,0,0,0,0,0,0,0,1
0,0,0,0,0,0,0,0,1
0,0,0,0,0,0,0,0,1
0,0,0,0,0,0,0,0,1
0,0,0,0,0,0,0,0,1
0,0,0,0,0,0,0,0,1
0,0,0,0,0,0,0,0,1
0,0,0,0,0,0,0,0,1
0,0,0,0,0,0,0,0,1
0,0,0,0,0,0,0,0,1
0,0,0,0,0,0,0,0,1
0,0,0,0,0,0,0,0,1
0,0,0,0,0,0,0,0,1
0,0,0,0,0,0,0,0,1
0,0,0,0,0,0,0,0,1
0,0,0,0,0,0,0,0,1
0,0,0,0,0,0,0,0,1
0,0,0,0,0,0,0,0,1
0,0,0,0,0,0,0,0,1
0,0,0,0,0,0,0,0,1
0,0,0,0,0,0,0,0,1
0,0,0,0,0,0,0,0,1
0,0,0,0,0,0,0,0,1
0,0,0,0,0,0,0,0,1
0,0,0,0,0,0,0,0,1
0,0,0,0,0,0,0,0,1
0,0,0,0,0,0,0,0,1
0,0,0,0,0,0,0,0,1
0,0,0,0,0,0,0,0,1
0,0,0,0,0,0,0,0,1
0,0,0,0,0,0,0,0,1
0,0,0,0,0,0,0,0,1
0,0,0,0,0,0,0,0,1
0,0,0,0,0,0,0,0,1
0,0,0,0,0,0,0,0,1
0,0,0,0,0,0,0,0,1
0,0,0,0,0,0,0,0,1
0,0,0,0,0,0,0,0,1
0,0,0,0,0,0,0,0,1
0,0,0,0,0,0,0,0,1
0,0,0,0,0,0,0,0,1
0,0,0,0,0,0,0,0,1
0,0,0,0,0,0,0,0,1
0,0,0,0,0,0,0,0,1
0,0,0,0,0,0,0,0,1
0,0,0,0,0,0,0,0,1
0,0,0,0,0,0,0,0,1
0,0,0,0,0,0,0,0,1
0,0,0,0,0,0,0,0,1
0,0,0,0,0,0,0,0,1
0,0,0,0,0,0,0,0,1
0,0,0,0,0,0,0,0,1
0,0,0,0,0,0,0,0,1
0,0,0,0,0,0,0,0,1
0,0,0,0,0,0,0,0,1
0,0,0,0,0,0,0,0,1
0,0,0,0,0,0,0,0,1
0,0,0,0,0,0,0,0,1
0,0,0,0,0,0,0,0,1
0,0,0,0,0,0,0,0,1
0,0,0,0,0,0,0,0,1
0,0,0,0,0,0,0,0,1
0,0,0,0,0,0,0,0,1
0,0,0,0,0,0,0,0,1
0,0,0,0,0,0,0,0,1
0,0,0,0,0,0,0,0,1
0,0,0,0,0,0,0,0,1
0,0,0,0,0,0,0,0,1
0,0,0,0,0,0,0,0,1
0,0,0,0,0,0,0,0,1
0,0,0,0,0,0,0,0,1
0,0,0,0,0,0,0,0,1
0,0,0,0,0,0,0,0,1
0,0,0,0,0,0,0,0,1
0,0,0,0,0,0,0,0,1
0,0,0,0,0,0,0,0,1
0,0,0,0,0,0,0,0,1
0,0,0,0,0,0,0,0,1
0,0,0,0,0,0,0,0,1
0,0,0,0,0,0,0,0,1
0,0,0,0,0,0,0,0,1
0,0,0,0,0,0,0,0,1
0,0,0,0,0,0,0,0,1
0,0,0,0,0,0,0,0,1
0,0,0,0,0,0,0,0,1
0,0,0,0,0,0,0,0,1
0,0,0,0,0,0,0,0,1
0,0,0,0,0,0,0,0,1
0,0,0,0,0,0,0,0,1
0,0,0,0,0,0,0,0,1
0,0,0,0,0,0,0,0,1
0,0,0,0,0,0,0,0,1
0,0,0,0,0,0,0,0,1
0,0,0,0,0,0,0,0,1
0,0,0,0,0,0,0,0,1
0,0,0,0,0,0,0,0,1
0,0,0,0,0,0,0,0,1
0,0,0,0,0,0,0,0,1
0,0,0,0,0,0,0,0,1
0,0,0,0,0,0,0,0,1
0,0,0,0,0,0,0,0,1
0,0,0,0,0,0,0,0,1
0,0,0,0,0,0,0,0,1
0,0,0,0,0,0,0,0,1
0,0,0,0,0,0,0,0,1
0,0,0,0,0,0,0,0,1
0,0,0,0,0,0,0,0,1
0,0,0,0,0,0,0,0,1
0,0,0,0,0,0,0,0,1
0,0,0,0,0,0,0,0,1
0,0,0,0,0,0,0,0,1
0,0,0,0,0,0,0,0,1
0,0,0,0,0,0,0,0,1
0,0,0,0,0,0,0,0,1
6,7,0,1,0,0,0,0,1
6,6,0,0,0,0,0,0,1
0,0,0,0,0,0,0,0,1
0,0,0,0,0,0,0,0,1
0,0,0,0,0,0,0,0,1
0,0,0,0,0,0,0,0,1
0,0,0,0,0,0,0,0,1
0,0,0,0,0,0,0,0,1
0,0,0,0,0,0,0,0,1
0,0,0,0,0,0,0,0,1
0,0,0,0,0,0,0,0,1
0,0,0,0,0,0,0,0,1
0,0,0,0,0,0,0,0,1
0,0,0,0,0,0,0,0,1
0,0,0,0,0,0,0,0,1
0,0,0,0,0,0,0,0,1
0,0,0,0,0,0,0,0,1
0,0,0,0,0,0,0,0,1
0,0,0,0,0,0,0,0,1
0,0,0,0,0,0,0,0,1
0,0,0,0,0,0,0,0,1
0,0,0,0,0,0,0,0,1
0,0,0,0,0,0,0,0,1
0,0,0,0,0,0,0,0,1
0,0,0,0,0,0,0,0,1
0,0,0,0,0,0,0,0,1
0,0,0,0,0,0,0,0,1
0,0,0,0,0,0,0,0,1
0,0,0,0,0,0,0,0,1
0,0,0,0,0,0,0,0,1
0,0,0,0,0,0,0,0,1
0,0,0,0,0,0,0,0,1
0,0,0,0,0,0,0,0,1
0,0,0,0,0,0,0,0,1
0,0,0,0,0,0,0,0,1
0,0,0,0,0,0,0,0,1
0,0,0,0,0,0,0,0,1
0,0,0,0,0,0,0,0,1
0,0,0,0,0,0,0,0,1
0,0,0,0,0,0,0,0,1
0,0,0,0,0,0,0,0,1
0,0,0,0,0,0,0,0,1
0,0,0,0,0,0,0,0,1
0,0,0,0,0,0,0,0,1
0,0,0,0,0,0,0,0,1
0,0,0,0,0,0,0,0,1
0,0,0,0,0,0,0,0,1
0,0,0,0,0,0,0,0,1
0,0,0,0,0,0,0,0,1
0,0,0,0,0,0,0,0,1
0,0,0,0,0,0,0,0,1
0,0,0,0,0,0,0,0,1
0,0,0,0,0,0,0,0,1
0,0,0,0,0,0,0,0,1
0,0,0,0,0,0,0,0,1
0,0,0,0,0,0,0,0,1
0,0,0,0,0,0,0,0,1
0,0,0,0,0,0,0,0,1
0,0,0,0,0,0,0,0,1
0,0,0,0,0,0,0,0,1
0,0,0,0,0,0,0,0,1
0,0,0,0,0,0,0,0,1
0,0,0,0,0,0,0,0,1
0,0,0,0,0,0,0,0,1
0,0,0,0,0,0,0,0,1
0,0,0,0,0,0,0,0,1
0,0,0,0,0,0,0,0,1
0,0,0,0,0,0,0,0,1
0,0,0,0,0,0,0,0,1
0,0,0,0,0,0,0,0,1
0,0,0,0,0,0,0,0,1
0,0,0,0,0,0,0,0,1
0,0,0,0,0,0,0,0,1
0,0,0,0,0,0,0,0,1
0,0,0,0,0,0,0,0,1
0,0,0,0,0,0,0,0,1
0,0,0,0,0,0,0,0,1
0,0,0,0,0,0,0,0,1
0,0,0,0,0,0,0,0,1
0,0,0,0,0,0,0,0,1
0,0,0,0,0,0,0,0,1
0,0,0,0,0,0,0,0,1
0,0,0,0,0,0,0,0,1
0,0,0,0,0,0,0,0,1
0,0,0,0,0,0,0,0,1
0,0,0,0,0,0,0,0,1
0,0,0,0,0,0,0,0,1
0,0,0,0,0,0,0,0,1
0,0,0,0,0,0,0,0,1
0,0,0,0,0,0,0,0,1
0,0,0,0,0,0,0,0,1
0,0,0,0,0,0,0,0,1
0,0,0,0,0,0,0,0,1
0,0,0,0,0,0,0,0,1
0,0,0,0,0,0,0,0,1
0,0,0,0,0,0,0,0,1
0,0,0,0,0,0,0,0,1
0,0,0,0,0,0,0,0,1
0,0,0,0,0,0,0,0,1
0,0,0,0,0,0,0,0,1
0,0,0,0,0,0,0,0,1
0,0,0,0,0,0,0,0,1
0,0,0,0,0,0,0,0,1
0,0,0,0,0,0,0,0,1
0,0,0,0,0,0,0,0,1
0,0,0,0,0,0,0,0,1
0,0,0,0,0,0,0,0,1
0,0,0,0,0,0,0,0,1
0,0,0,0,0,0,0,0,1
0,0,0,0,0,0,0,0,1
0,0,0,0,0,0,0,0,1
0,0,0,0,0,0,0,0,1
0,0,0,0,0,0,0,0,1
0,0,0,0,0,0,0,0,1
0,0,0,0,0,0,0,0,1
0,0,0,0,0,0,0,0,1
0,0,0,0,0,0,0,0,1
0,0,0,0,0,0,0,0,1
0,0,0,0,0,0,0,0,1
0,0,0,0,0,0,0,0,1
0,0,0,0,0,0,0,0,1
0,0,0,0,0,0,0,0,1
0,0,0,0,0,0,0,0,1
0,0,0,0,0,0,0,0,1
0,0,0,0,0,0,0,0,1
0,0,0,0,0,0,0,0,1
0,0,0,0,0,0,0,0,1
0,0,0,0,0,0,0,0,1
0,0,0,0,0,0,0,0,1
0,0,0,0,0,0,0,0,1
0,0,0,0,0,0,0,0,1
0,0,0,0,0,0,0,0,1
0,0,0,0,0,0,0,0,1
0,0,0,0,0,0,0,0,1
0,0,0,0,0,0,0,0,1
0,0,0,0,0,0,0,0,1
0,0,0,0,0,0,0,0,1
0,0,0,0,0,0,0,0,1
0,0,0,0,0,0,0,0,1
0,0,0,0,0,0,0,0,1
0,0,0,0,0,0,0,0,1
0,0,0,0,0,0,0,0,1
0,0,0,0,0,0,0,0,1
0,0,0,0,0,0,0,0,1
0,0,0,0,0,0,0,0,1
0,0,0,0,0,0,0,0,1
0,0,0,0,0,0,0,0,1
0,0,0,0,0,0,0,0,1
0,0,0,0,0,0,0,0,1
0,0,0,0,0,0,0,0,1
0,0,0,0,0,0,0,0,1
0,0,0,0,0,0,0,0,1
0,0,0,0,0,0,0,0,1
0,0,0,0,0,0,0,0,1
0,0,0,0,0,0,0,0,1
0,0,0,0,0,0,0,0,1
0,0,0,0,0,0,0,0,1
0,0,0,0,0,0,0,0,1
0,0,0,0,0,0,0,0,1
0,0,0,0,0,0,0,0,1
0,0,0,0,0,0,0,0,1
0,0,0,0,0,0,0,0,1
0,0,0,0,0,0,0,0,1
0,0,0,0,0,0,0,0,1
0,0,0,0,0,0,0,0,1
0,0,0,0,0,0,0,0,1
0,0,0,0,0,0,0,0,1
0,0,0,0,0,0,0,0,1
0,0,0,0,0,0,0,0,1
0,0,0,0,0,0,0,0,1
0,0,0,0,0,0,0,0,1
0,0,0,0,0,0,0,0,1
0,0,0,0,0,0,0,0,1
0,0,0,0,0,0,0,0,1
0,0,0,0,0,0,0,0,1
0,0,0,0,0,0,0,0,1
0,0,0,0,0,0,0,0,1
0,0,0,0,0,0,0,0,1
0,0,0,0,0,0,0,0,1
0,0,0,0,0,0,0,0,1
0,0,0,0,0,0,0,0,1
0,0,0,0,0,0,0,0,1
0,0,0,0,0,0,0,0,1
0,0,0,0,0,0,0,0,1
0,0,0,0,0,0,0,0,1
0,0,0,0,0,0,0,0,1
0,0,0,0,0,0,0,0,1
0,0,0,0,0,0,0,0,1
0,0,0,0,0,0,0,0,1
0,0,0,0,0,0,0,0,1
0,0,0,0,0,0,0,0,1
0,0,0,0,0,0,0,0,1
0,0,0,0,0,0,0,0,1
0,0,0,0,0,0,0,0,1
0,0,0,0,0,0,0,0,1
0,0,0,0,0,0,0,0,1
0,0,0,0,0,0,0,0,1
0,0,0,0,0,0,0,0,1
0,0,0,0,0,0,0,0,1
0,0,0,0,0,0,0,0,1
0,0,0,0,0,0,0,0,1
0,0,0,0,0,0,0,0,1
0,0,0,0,0,0,0,0,1
0,0,0,0,0,0,0,0,1
0,0,0,0,0,0,0,0,1
0,0,0,0,0,0,0,0,1
0,0,0,0,0,0,0,0,1
0,0,0,0,0,0,0,0,1
0,0,0,0,0,0,0,0,1
0,0,0,0,0,0,0,0,1
0,0,0,0,0,0,0,0,1
0,0,0,0,0,0,0,0,1
0,0,0,0,0,0,0,0,1
0,0,0,0,0,0,0,0,1
0,0,0,0,0,0,0,0,1
0,0,0,0,0,0,0,0,1
0,0,0,0,0,0,0,0,1
0,0,0,0,0,0,0,0,1
0,0,0,0,0,0,0,0,1
0,0,0,0,0,0,0,0,1
0,0,0,0,0,0,0,0,1
0,0,0,0,0,0,0,0,1
0,0,0,0,0,0,0,0,1
0,0,0,0,0,0,0,0,1
0,0,0,0,0,0,0,0,1
0,0,0,0,0,0,0,0,1
0,0,0,0,0,0,0,0,1
0,0,0,0,0,0,0,0,1
0,0,0,0,0,0,0,0,1
0,0,0,0,0,0,0,0,1
0,0,0,0,0,0,0,0,1
0,0,0,0,0,0,0,0,1
0,0,0,0,0,0,0,0,1
0,0,0,0,0,0,0,0,1
0,0,0,0,0,0,0,0,1
0,0,0,0,0,0,0,0,1
0,0,0,0,0,0,0,0,1
0,0,0,0,0,0,0,0,1
0,0,0,0,0,0,0,0,1
0,0,0,0,0,0,0,0,1
0,0,0,0,0,0,0,0,1
0,0,0,0,0,0,0,0,1
0,0,0,0,0,0,0,0,1
0,0,0,0,0,0,0,0,1
0,0,0,0,0,0,0,0,1
0,0,0,0,0,0,0,0,1
0,0,0,0,0,0,0,0,1
0,0,0,0,0,0,0,0,1
0,0,0,0,0,0,0,0,1
0,0,0,0,0,0,0,0,1
0,0,0,0,0,0,0,0,1
0,0,0,0,0,0,0,0,1
0,0,0,0,0,0,0,0,1
0,0,0,0,0,0,0,0,1
0,0,0,0,0,0,0,0,1
0,0,0,0,0,0,0,0,1
0,0,0,0,0,1,0,0,0
0,0,0,0,0,1,0,0,0
0,0,0,0,0,1,0,0,0
0,0,0,0,0,1,0,0,0
0,0,0,0,0,1,0,0,0
0,0,0,0,0,1,0,0,0
0,0,0,0,0,1,0,0,0
0,0,0,0,0,1,0,0,0
0,0,0,0,0,1,0,0,0
0,0,0,0,0,1,0,0,0
0,0,0,0,0,1,0,0,0
16,13,0,1,0,0,1,0,0
26,13,0,0,0,0,1,0,0
36,21,0,0,0,0,1,0,0
0,0,0,0,0,0,0,0,1
0,0,0,0,0,0,0,0,1
0,0,0,0,0,0,0,0,1
0,0,0,0,0,0,0,0,1
0,0,0,0,0,0,0,0,1
0,0,0,0,0,0,0,0,1
0,0,0,0,0,0,0,0,1
0,0,0,0,0,0,0,0,1
0,0,0,0,0,0,0,0,1
0,0,0,0,0,0,0,0,1
0,0,0,0,0,0,0,0,1
0,0,0,0,0,0,0,0,1
0,0,0,0,0,0,0,0,1
0,0,0,0,0,0,0,0,1
0,0,0,0,0,0,0,0,1
0,0,0,0,0,0,0,0,1
0,0,0,0,0,0,0,0,1
0,0,0,0,0,0,0,0,1
0,0,0,0,0,0,0,0,1
0,0,0,0,0,0,0,0,1
0,0,0,0,0,0,0,0,1
0,0,0,0,0,0,0,0,1
0,0,0,0,0,0,0,0,1
0,0,0,0,0,0,0,0,1
0,0,0,0,0,0,0,0,1
0,0,0,0,0,0,0,0,1
0,0,0,0,0,0,0,0,1
0,0,0,0,0,0,0,0,1
0,0,0,0,0,0,0,0,1
0,0,0,0,0,0,0,0,1
0,0,0,0,0,0,0,0,1
0,0,0,0,0,0,0,0,1
0,0,0,0,0,0,0,0,1
0,0,0,0,0,0,0,0,1
0,0,0,0,0,0,0,0,1
0,0,0,0,0,0,0,0,1
0,0,0,0,0,0,0,0,1
0,0,0,0,0,0,0,0,1
0,0,0,0,0,0,0,0,1
0,0,0,0,0,0,0,0,1
0,0,0,0,0,0,0,0,1
0,0,0,0,0,0,0,0,1
0,0,0,0,0,0,0,0,1
0,0,0,0,0,0,0,0,1
0,0,0,0,0,0,0,0,1
0,0,0,0,0,0,0,0,1
0,0,0,0,0,0,0,0,1
0,0,0,0,0,0,0,0,1
0,0,0,0,0,0,0,0,1
0,0,0,0,0,0,0,0,1
0,0,0,0,0,0,0,0,1
0,0,0,0,0,0,0,0,1
0,0,0,0,0,0,0,0,1
0,0,0,0,0,0,0,0,1
0,0,0,0,0,0,0,0,1
0,0,0,0,0,0,0,0,1
0,0,0,0,0,0,0,0,1
0,0,0,0,0,0,0,0,1
0,0,0,0,0,0,0,0,1
0,0,0,0,0,0,0,0,1
0,0,0,0,0,0,0,0,1
0,0,0,0,0,0,0,0,1
0,0,0,0,0,0,0,0,1
0,0,0,0,0,0,0,0,1
0,0,0,0,0,0,0,0,1
0,0,0,0,0,0,0,0,1
0,0,0,0,0,0,0,0,1
0,0,0,0,0,0,0,0,1
0,0,0,0,0,0,0,0,1
0,0,0,0,0,0,0,0,1
0,0,0,0,0,0,0,0,1
0,0,0,0,0,0,0,0,1
0,0,0,0,0,0,0,0,1
0,0,0,0,0,0,0,0,1
0,0,0,0,0,0,0,0,1
0,0,0,0,0,0,0,0,1
0,0,0,0,0,0,0,0,1
0,0,0,0,0,0,0,0,1
0,0,0,0,0,0,0,0,1
0,0,0,0,0,0,0,0,1
0,0,0,0,0,0,0,0,1
0,0,0,0,0,0,0,0,1
0,0,0,0,0,0,0,0,1
0,0,0,0,0,0,0,0,1
0,0,0,0,0,0,0,0,1
0,0,0,0,0,0,0,0,1
0,0,0,0,0,0,0,0,1
0,0,0,0,0,0,0,0,1
0,0,0,0,0,0,0,0,1
0,0,0,0,0,0,0,0,1
0,0,0,0,0,0,0,0,1
0,0,0,0,0,0,0,0,1
0,0,0,0,0,0,0,0,1
0,0,0,0,0,0,0,0,1
0,0,0,0,0,0,0,0,1
0,0,0,0,0,0,0,0,1
0,0,0,0,0,0,0,0,1
0,0,0,0,0,0,0,0,1
0,0,0,0,0,0,0,0,1
0,0,0,0,0,0,0,0,1
0,0,0,0,0,0,0,0,1
0,0,0,0,0,0,0,0,1
0,0,0,0,0,0,0,0,1
0,0,0,0,0,0,0,0,1
0,0,0,0,0,0,0,0,1
0,0,0,0,0,0,0,0,1
0,0,0,0,0,0,0,0,1
0,0,0,0,0,0,0,0,1
0,0,0,0,0,0,0,0,1
0,0,0,0,0,0,0,0,1
0,0,0,0,0,0,0,0,1
0,0,0,0,0,0,0,0,1
0,0,0,0,0,0,0,0,1
0,0,0,0,0,0,0,0,1
0,0,0,0,0,0,0,0,1
0,0,0,0,0,0,0,0,1
0,0,0,0,0,0,0,0,1
0,0,0,0,0,0,0,0,1
0,0,0,0,0,0,0,0,1
0,0,0,0,0,0,0,0,1
0,0,0,0,0,0,0,0,1
0,0,0,0,0,0,0,0,1
0,0,0,0,0,0,0,0,1
0,0,0,0,0,0,0,0,1
0,0,0,0,0,0,0,0,1
0,0,0,0,0,0,0,0,1
0,0,0,0,0,0,0,0,1
0,0,0,0,0,0,0,0,1
0,0,0,0,0,0,0,0,1
0,0,0,0,0,0,0,0,1
0,0,0,0,0,0,0,0,1
0,0,0,0,0,0,0,0,1
0,0,0,0,0,0,0,0,1
0,0,0,0,0,0,0,0,1
0,0,0,0,0,0,0,0,1
0,0,0,0,0,0,0,0,1
0,0,0,0,0,0,0,0,1
0,0,0,0,0,0,0,0,1
0,0,0,0,0,0,0,0,1
0,0,0,0,0,0,0,0,1
0,0,0,0,0,0,0,0,1
0,0,0,0,0,0,0,0,1
0,0,0,0,0,0,0,0,1
0,0,0,0,0,0,0,0,1
0,0,0,0,0,0,0,0,1
0,0,0,0,0,0,0,0,1
0,0,0,0,0,0,0,0,1
0,0,0,0,0,0,0,0,1
0,0,0,0,0,0,0,0,1
0,0,0,0,0,0,0,0,1
0,0,0,0,0,0,0,0,1
0,0,0,0,0,0,0,0,1
0,0,0,0,0,0,0,0,1
0,0,0,0,0,0,0,0,1
0,0,0,0,0,0,0,0,1
0,0,0,0,0,0,0,0,1
0,0,0,0,0,0,0,0,1
0,0,0,0,0,0,0,0,1
0,0,0,0,0,0,0,0,1
0,0,0,0,0,0,0,0,1
0,0,0,0,0,0,0,0,1
0,0,0,0,0,0,0,0,1
0,0,0,0,0,0,0,0,1
0,0,0,0,0,0,0,0,1
0,0,0,0,0,0,0,0,1
0,0,0,0,0,0,0,0,1
0,0,0,0,0,0,0,0,1
0,0,0,0,0,0,0,0,1
0,0,0,0,0,0,0,0,1
0,0,0,0,0,0,0,0,1
0,0,0,0,0,0,0,0,1
0,0,0,0,0,0,0,0,1
0,0,0,0,0,0,0,0,1
0,0,0,0,0,0,0,0,1
0,0,0,0,0,0,0,0,1
0,0,0,0,0,0,0,0,1
0,0,0,0,0,0,0,0,1
37,11,0,1,0,0,1,0,0
42,12,8,1,0,0,1,0,0
25,41,7,1,0,0,1,0,0
2,4,0,0,0,0,0,0,1
0,0,0,0,0,0,0,0,1
40,29,0,0,0,0,1,0,0
10,36,0,0,0,0,1,0,0
1,0,0,0,0,0,0,1,0
0,2,0,0,0,0,0,1,0
0,0,0,0,0,0,0,1,0
0,0,0,0,0,0,0,1,0
0,11,0,0,0,0,0,0,1
18,0,4,1,0,0,1,0,0
1,0,3,0,0,0,0,0,1
0,0,0,0,0,0,0,0,1
0,0,0,0,0,0,0,0,1
0,0,0,0,0,0,0,0,1
17,25,2,0,0,0,1,0,0
39,40,0,0,0,0,1,0,0
11,9,0,0,0,0,1,0,0
5,11,0,0,0,0,0,1,0
0,0,0,0,0,0,0,1,0
0,3,0,0,0,0,0,1,0
0,0,0,0,0,0,0,1,0
0,0,0,0,0,0,0,1,0
0,0,0,0,0,0,0,1,0
0,0,0,0,0,0,0,1,0
0,0,0,0,0,0,0,1,0
0,0,0,0,0,0,0,1,0
0,0,0,0,0,0,0,1,0
0,3,0,0,0,0,0,1,0
0,14,0,0,0,0,0,1,0
4,13,0,1,0,0,0,1,0
0,0,0,0,0,0,0,1,0
0,0,0,0,0,0,0,1,0
0,0,0,0,0,0,0,1,0
0,0,0,0,0,0,0,1,0
0,0,0,0,0,0,0,1,0
0,0,0,0,0,0,0,1,0
0,0,0,0,0,0,0,1,0
0,0,0,0,0,0,0,1,0
0,0,0,0,0,0,0,1,0
0,0,0,0,0,0,0,1,0
0,0,0,0,0,0,0,1,0
0,0,0,0,0,0,0,1,0
0,0,0,0,0,0,0,1,0
0,0,0,0,0,0,0,1,0
0,0,0,0,0,0,0,1,0
0,0,0,0,0,0,0,1,0
0,0,0,0,0,0,0,1,0
0,0,0,0,0,0,0,1,0
0,0,0,0,0,0,0,1,0
0,0,0,0,0,0,0,1,0
0,0,0,0,0,0,0,1,0
0,16,0,0,0,0,0,1,0
0,14,0,0,0,0,0,1,0
0,5,0,0,0,0,0,1,0
0,11,0,0,0,0,0,1,0
6,13,0,0,0,0,0,1,0
0,6,0,0,0,0,0,1,0
15,56,10,0,0,0,1,0,0
20,67,25,0,0,0,1,0,0
3,16,0,1,0,0,0,1,0
0,0,0,0,0,0,0,1,0
0,0,0,0,0,0,0,1,0
0,0,0,0,0,0,0,1,0
0,0,0,0,0,0,0,1,0
0,0,0,0,0,0,0,1,0
0,6,0,0,0,0,0,1,0
6,3,0,0,0,0,0,1,0
0,15,0,0,0,0,0,1,0
21,14,6,0,0,0,1,0,0
11,28,0,1,0,0,1,0,0
7,11,0,0,0,0,1,0,0
0,6,0,0,0,0,0,1,0
0,10,0,0,0,0,0,1,0
32,23,12,0,0,0,1,0,0
35,12,36,1,0,0,1,0,0
1,14,14,0,0,0,0,1,0
31,16,40,1,0,0,1,0,0
1,23,0,0,0,0,0,1,0
18,43,36,1,0,0,1,0,0
29,16,22,1,0,0,1,0,0
24,23,9,1,0,0,1,0,0
34,175,71,1,0,0,1,0,0
19,14,18,1,0,0,1,0,0
16,36,19,1,0,0,1,0,0
1,26,18,0,0,0,0,1,0
1,5,0,0,0,0,0,1,0
8,14,4,1,0,0,1,0,0
0,7,4,0,0,0,0,1,0
5,12,14,1,0,0,0,1,0
4,0,0,0,0,0,0,1,0
2,13,0,1,0,0,0,1,0
0,14,5,0,0,0,0,1,0
2,5,0,0,0,0,0,1,0
3,11,6,1,0,0,0,1,0
0,6,0,0,0,0,0,1,0
0,0,0,0,0,0,0,1,0
0,8,4,0,0,0,0,1,0
2,4,1,0,0,0,0,1,0
0,0,6,0,0,0,0,1,0
0,7,0,0,0,0,0,1,0
2,5,0,0,0,0,0,1,0
11,6,0,1,0,0,1,0,0
3,5,0,1,0,0,0,1,0
0,0,0,0,0,0,0,1,0
8,3,0,0,0,0,1,0,0
0,0,0,0,0,0,0,1,0
0,5,0,0,0,0,0,1,0
0,19,2,0,0,0,0,1,0
0,4,0,0,0,0,0,1,0
9,14,0,1,0,0,1,0,0
31,3,0,0,0,0,1,0,0
14,25,6,1,0,0,1,0,0
0,6,0,0,0,0,0,1,0
4,1,0,0,0,0,0,1,0
0,20,0,0,0,0,0,1,0
6,0,5,0,0,0,0,1,0
0,4,0,0,0,0,0,1,0
0,4,0,0,0,0,0,1,0
0,12,7,0,0,0,0,1,0
0,18,0,0,0,0,0,1,0
7,19,0,0,0,0,1,0,0
4,8,1,1,0,0,0,1,0
0,6,0,0,0,0,0,1,0
0,10,0,0,0,0,0,1,0
0,0,0,0,0,0,0,1,0
0,0,0,0,0,0,0,1,0
0,19,1,0,0,0,0,1,0
2,3,0,0,0,0,0,1,0
4,9,0,0,0,0,0,1,0
0,6,0,0,0,0,0,1,0
5,5,0,1,0,0,0,1,0
15,0,0,0,0,0,1,0,0
24,11,0,1,0,0,1,0,0
15,5,0,0,0,0,1,0,0
6,0,16,1,0,0,0,1,0
0,11,0,0,0,0,0,1,0
7,0,0,1,0,0,1,0,0
8,7,0,0,0,0,1,0,0
8,10,0,0,0,0,1,0,0
4,2,0,1,0,0,0,1,0
1,2,2,0,0,0,0,1,0
6,9,0,0,0,0,0,1,0
10,4,10,0,0,0,1,0,0
0,9,11,0,0,0,0,1,0
29,50,19,0,0,0,1,0,0
8,62,4,0,0,0,1,0,0
18,15,0,1,0,0,1,0,0
11,12,18,0,0,0,1,0,0
7,13,0,0,0,0,1,0,0
0,0,0,0,0,0,0,0,1
1,0,1,1,0,0,0,0,1
0,32,8,0,0,0,0,0,1
7,34,31,1,0,0,1,0,0
9,31,36,1,0,0,1,0,0
16,48,62,1,0,0,1,0,0
16,37,48,1,0,0,1,0,0
20,24,31,1,0,0,1,0,0
18,28,32,1,0,0,1,0,0
18,29,26,2,0,0,1,0,0
3,34,41,1,0,0,0,0,1
11,35,34,0,0,0,1,0,0
18,48,40,2,0,0,1,0,0
14,30,19,0,0,0,1,0,0
8,0,42,0,0,0,1,0,0
65,87,10,1,0,0,1,0,0
23,45,0,0,0,0,1,0,0
27,60,1,0,0,0,1,0,0
0,18,0,0,0,0,0,1,0
3,6,0,1,0,0,0,1,0
0,6,8,0,0,0,0,1,0
0,2,0,0,0,0,0,1,0
0,2,2,0,0,0,0,1,0
0,3,0,0,0,0,0,1,0
0,0,0,0,0,0,0,1,0
0,0,0,0,0,0,0,1,0
0,0,0,0,0,0,0,1,0
0,2,0,0,0,0,0,1,0
0,0,0,0,0,0,0,1,0
0,0,0,0,0,0,0,1,0
0,0,0,0,0,0,0,1,0
0,0,0,0,0,0,0,1,0
0,0,0,0,0,0,0,1,0
0,0,0,0,0,0,0,1,0
0,0,0,0,0,0,0,1,0
0,0,0,0,0,0,0,1,0
2,6,0,0,0,0,0,1,0
0,0,0,0,0,0,0,1,0
0,0,0,0,0,0,0,1,0
0,4,0,0,0,0,0,1,0
0,4,0,0,0,0,0,1,0
65,81,10,0,0,0,1,0,0
20,21,40,1,0,0,1,0,0
14,23,1,0,0,0,1,0,0
0,8,5,0,0,0,0,0,1
28,13,0,0,0,0,1,0,0
0,6,24,0,0,0,0,0,1
0,11,13,0,0,0,0,0,1
59,89,29,0,0,0,1,0,0
5,10,1,0,0,0,0,1,0
18,27,0,0,0,0,1,0,0
4,17,0,0,0,0,0,1,0
0,14,0,0,0,0,0,1,0
0,0,0,0,0,0,0,1,0
0,0,0,0,0,0,0,1,0
0,10,0,0,0,0,0,1,0
0,0,0,0,0,0,0,1,0
0,0,0,0,0,0,0,1,0
9,30,0,1,0,0,1,0,0
0,1,0,0,0,0,0,1,0
0,9,0,0,0,0,0,1,0
1,8,0,0,0,0,0,1,0
21,33,0,1,0,0,1,0,0
0,9,0,0,0,0,0,1,0
0,11,0,0,0,0,0,1,0
8,0,4,0,0,0,1,0,0
0,0,0,0,0,0,0,1,0
0,0,0,0,0,0,0,1,0
0,0,4,0,0,0,0,1,0
0,3,0,0,0,0,0,1,0
0,24,0,0,0,0,0,1,0
0,0,0,0,0,0,0,1,0
2,2,0,0,0,0,0,1,0
0,5,0,0,0,0,0,1,0
0,0,0,0,0,0,0,1,0
12,27,0,0,0,0,1,0,0
0,5,0,0,0,0,0,1,0
4,8,2,0,0,0,0,1,0
0,0,7,0,0,0,0,1,0
0,0,0,0,0,0,0,1,0
0,0,0,0,0,0,0,1,0
4,0,0,0,0,0,0,1,0
1,0,0,0,0,0,0,1,0
0,4,0,0,0,0,0,1,0
0,0,4,0,0,0,0,1,0
0,0,0,0,0,0,0,1,0
0,2,0,0,0,0,0,1,0
0,0,2,0,0,0,0,1,0
0,0,1,0,0,0,0,1,0
0,5,7,0,0,0,0,1,0
2,0,0,1,0,0,0,1,0
1,0,0,0,0,0,0,1,0
10,16,0,1,0,0,1,0,0
0,0,0,0,0,0,0,1,0
0,9,0,0,0,0,0,1,0
16,36,6,0,0,0,1,0,0
79,103,24,1,0,0,1,0,0
38,8,26,0,0,0,1,0,0
3,2,29,0,0,0,0,0,1
0,25,56,0,0,0,0,0,1
3,24,54,0,0,0,0,0,1
2,27,38,1,0,0,0,0,1
5,33,36,1,0,0,0,0,1
10,35,47,0,0,0,1,0,0
0,37,50,0,0,0,0,0,1
7,23,51,1,0,0,1,0,0
9,18,41,0,0,0,1,0,0
60,160,55,1,0,0,1,0,0
0,8,14,0,0,0,0,1,0
36,35,8,0,0,0,1,0,0
12,0,0,0,0,0,1,0,0
0,9,0,0,0,0,0,1,0
0,2,0,0,0,0,0,1,0
0,9,0,0,0,0,0,1,0
0,0,0,0,0,0,0,1,0
